condition,variant,mode,kind,block,position,sequence,prove_s,verify_ms,assembly_ms,process_s,instructions,memory_cells,log_mem,xor,mul,committed_cells,proof_bytes,max_rss_bytes,peak_footprint_bytes,execution_s,witness_build_s,commitment_s,bus_s,constraints_s,opening_s,other_s,four_major_proving_stages_s,prove_after_execution_and_build_s,phase_execute_ms,phase_build_ms,phase_transcript_setup_ms,phase_commit_ms,phase_bus_ms,phase_constraints_ms,phase_claim_prep_ms,phase_reduction_ms,phase_pcs_open_ms,phase_finalize_ms,phase_internal_total_ms,phase_internal_residual_ms,phase_outer_prove_residual_ms,phase_outer_timer_resolution_ms,log,log_sha256
cse_dce/ssz,cse_dce,ssz,warmup,1,1,1,7.032974,300.221,1034.166,8.989820959,8482697,8476896,24,6592617,1889947,207621052,836384,44083118080,44102876960,0.841149625,0.693544875,1.767431208,2.060993125,0.427565125,1.131076167,0.111213875,5.387065625,5.4982795,841.149625,693.544875,0.004042,1767.431208,2060.993125,427.565125,0.020667,2.881166,1131.076167,0.008458,6924.700959,0.026501,108.273041,0.001,owner_state/results/collect-20260915T094023087152Z/001-warmup-01-cse_dce-ssz.log,46fe63e34e0ce38adbb87c76b7467b8bd5becfcbf3200fe12391596511c08a60
cse_dce/direct,cse_dce,direct,warmup,1,2,2,6.398808,151.605,507.737,7.251324333,7498510,7492965,23,5954835,1543542,182455228,834752,41414148096,41432430328,0.437653458,0.590225209,1.811891709,1.937590333,0.426516334,1.084200959,0.110729998,5.260199335,5.370929333,437.653458,590.225209,0.004459,1811.891709,1937.590333,426.516334,0.017167,2.16175,1084.200959,0.004917,6290.287209,0.020914,108.520791,0.001,owner_state/results/collect-20260915T094023087152Z/002-warmup-01-cse_dce-direct.log,1d33a6a00dc2fa81a5282a3b02281825b4726f58363bd5e38db06637b20e9c88
cse_dce/rlp,cse_dce,rlp,warmup,1,3,3,7.075486,303.516,1022.636,8.689909917,8462089,8456073,24,6722637,1739319,207621052,835712,44337709056,44357451552,0.803154042,0.688138834,1.811587292,2.098407625,0.434028125,1.1344195,0.105750582,5.478442542,5.584193124,803.154042,688.138834,0.004833,1811.587292,2098.407625,434.028125,0.020791,2.41,1134.4195,0.006875,6972.21075,0.032833,103.27525,0.001,owner_state/results/collect-20260915T094023087152Z/003-warmup-01-cse_dce-rlp.log,033650aab184e9853eef8ce2f52648fdffab4e7650d93a4a8f64c3e6331e13d7
cse_dce/rlp,cse_dce,rlp,measured,1,1,4,7.219859,317.899,1044.86,8.881536416,8462089,8456073,24,6722637,1739319,207621052,835712,44142198784,44161793608,0.799586458,0.702298166,1.801632833,2.168636875,0.461696208,1.168880666,0.117127794,5.600846582,5.717974376,799.586458,702.298166,0.004708,1801.632833,2168.636875,461.696208,0.028334,3.687416,1168.880666,0.006625,7106.485417,0.027128,113.373583,0.001,owner_state/results/collect-20260915T094023087152Z/004-measured-01-cse_dce-rlp.log,25711ea5fc16e28bb4422499d19712f29c751f11e4d019566bcd9692f6dea4e0
cse_dce/ssz,cse_dce,ssz,measured,1,2,5,7.243748,314.255,1021.428,8.872923542,8482697,8476896,24,6592617,1889947,207621052,836384,44081610752,44101304000,0.807470375,0.711820917,1.874385667,2.163241958,0.451361791,1.126483,0.108984292,5.615472416,5.724456708,807.470375,711.820917,0.0045,1874.385667,2163.241958,451.361791,0.0205,2.2155,1126.483,0.004833,7137.031083,0.022042,106.716917,0.001,owner_state/results/collect-20260915T094023087152Z/005-measured-01-cse_dce-ssz.log,c52cb6aa24cc01064e3908d4cdf53e0fa6e7193f8bbce36e0e0860fa832545c9
cse_dce/direct,cse_dce,direct,measured,1,3,6,6.673427,160.432,520.722,7.551168041,7498510,7492965,23,5954835,1543542,182455228,834752,41415688192,41433970424,0.434150625,0.593105167,1.892271792,2.020841875,0.461483375,1.152637875,0.118936291,5.527234917,5.646171208,434.150625,593.105167,0.004167,1892.271792,2020.841875,461.483375,0.02175,2.23475,1152.637875,0.004541,6556.777042,0.021125,116.649958,0.001,owner_state/results/collect-20260915T094023087152Z/006-measured-01-cse_dce-direct.log,600628516a0e77fcfab8b6b639dbc526176f5d56ae91b6535bc6ae24da617ecb
cse_dce/direct,cse_dce,direct,measured,2,1,7,6.779497,161.244,519.848,7.664347583,7498510,7492965,23,5954835,1543542,182455228,834752,41417195520,41435494160,0.424141459,0.596325,1.907484417,2.080328084,0.468699834,1.183199291,0.119318915,5.639711626,5.759030541,424.141459,596.325,0.005292,1907.484417,2080.328084,468.699834,0.016,2.3985,1183.199291,0.005375,6662.62325,0.019998,116.87375,0.001,owner_state/results/collect-20260915T094023087152Z/007-measured-02-cse_dce-direct.log,06e1bc2f73afb368770790d39b7a383000275a0fff076953351ca09a4d4a70dd
cse_dce/ssz,cse_dce,ssz,measured,2,2,8,7.430559,317.462,1022.803,9.067763125,8482697,8476896,24,6592617,1889947,207621052,836384,44083527680,44103253744,0.817519917,0.72114875,1.93957325,2.239080083,0.447318083,1.153066042,0.112852875,5.779037458,5.891890333,817.519917,721.14875,0.004167,1939.57325,2239.080083,447.318083,0.020416,2.324,1153.066042,0.006125,7320.085833,0.025,110.473167,0.001,owner_state/results/collect-20260915T094023087152Z/008-measured-02-cse_dce-ssz.log,20f6fe3e2b46a9df77c2b8485bdd16bad755379fc2a8039778578e42cdce07dd
cse_dce/rlp,cse_dce,rlp,measured,2,3,9,7.382098,308.5,1026.859,8.991131,8462089,8456073,24,6722637,1739319,207621052,835712,44143673344,44163383024,0.794765208,0.707537709,1.924977291,2.271617416,0.452871292,1.125538333,0.104790751,5.775004332,5.879795083,794.765208,707.537709,0.0065,1924.977291,2271.617416,452.871292,0.019125,2.4305,1125.538333,0.004709,7279.7905,0.022417,102.3075,0.001,owner_state/results/collect-20260915T094023087152Z/009-measured-02-cse_dce-rlp.log,90a6becaa3f35b5a4046a01a6406adc7a808a32278fc5f8ea6782d8a4e2f3e9a
cse_dce/ssz,cse_dce,ssz,measured,3,1,10,7.342036,324.493,1009.317,8.975737541,8482697,8476896,24,6592617,1889947,207621052,836384,44083576832,44103319304,0.750293917,0.70816775,1.939305042,2.223769667,0.425403334,1.174705625,0.120390665,5.763183668,5.883574333,750.293917,708.16775,0.004542,1939.305042,2223.769667,425.403334,0.025583,2.178292,1174.705625,0.004834,7223.893375,0.034789,118.142625,0.001,owner_state/results/collect-20260915T094023087152Z/010-measured-03-cse_dce-ssz.log,33bbc3e6ccf32f61a71c40e0b6b311eb32bb61f33011aee8c6a86b182b820bd7
cse_dce/direct,cse_dce,direct,measured,3,2,11,7.280047,166.333,522.63,8.172551959,7498510,7492965,23,5954835,1543542,182455228,834752,41414443008,41432725240,0.422912958,0.595608583,2.196675583,2.327234291,0.446738208,1.166596291,0.124281086,6.137244373,6.261525459,422.912958,595.608583,0.00425,2196.675583,2327.234291,446.738208,0.022208,2.181333,1166.596291,0.005417,7158.000209,0.021087,122.046791,0.001,owner_state/results/collect-20260915T094023087152Z/011-measured-03-cse_dce-direct.log,f3d84f1463c4397cfd0fd04100b3bf0b2a905f694665c5d64d0b3f3601256759
cse_dce/rlp,cse_dce,rlp,measured,3,3,12,7.720184,330.126,1030.604,9.386670125,8462089,8456073,24,6722637,1739319,207621052,835712,44144377856,44163972680,0.798827541,0.708853375,2.09957525,2.377527334,0.435658,1.180581958,0.119160542,6.093342542,6.212503084,798.827541,708.853375,0.004333,2099.57525,2377.527334,435.658,0.022375,2.20275,1180.581958,0.0065,7603.2795,0.020084,116.9045,0.001,owner_state/results/collect-20260915T094023087152Z/012-measured-03-cse_dce-rlp.log,3a73a0118e2bca010b9558dceb233e87212b85e691887e6c3a114aa2a41272cb
cse_dce/rlp,cse_dce,rlp,measured,4,1,13,7.806127,328.625,1023.833,9.45608725,8462089,8456073,24,6722637,1739319,207621052,835712,44043665408,44063211008,0.796528,0.716335792,2.100525,2.465287958,0.450212708,1.157473292,0.11976425,6.173498958,6.293263208,796.528,716.335792,0.004208,2100.525,2465.287958,450.212708,0.022917,2.147417,1157.473292,0.005125,7688.565041,0.022624,117.561959,0.001,owner_state/results/collect-20260915T094023087152Z/013-measured-04-cse_dce-rlp.log,bf9d80dcf05924a273749668c5a09d8ca3981ce54859e690648dd3e6e050c466
cse_dce/direct,cse_dce,direct,measured,4,2,14,7.287938,170.361,519.063,8.177951,7498510,7492965,23,5954835,1543542,182455228,834752,41415868416,41434183464,0.422501458,0.59028925,2.250970708,2.335007166,0.433443333,1.129592083,0.126134002,6.14901329,6.275147292,422.501458,590.28925,0.004666,2250.970708,2335.007166,433.443333,0.02075,2.185584,1129.592083,0.004917,7164.03975,0.019835,123.89825,0.001,owner_state/results/collect-20260915T094023087152Z/014-measured-04-cse_dce-direct.log,0ad5bf3a9972151c14377d95b9dc7258b8d54c620f4e44756203f82fc1cf12a9
cse_dce/ssz,cse_dce,ssz,measured,4,3,15,7.818294,336.56,1021.868,9.473285542,8482697,8476896,24,6592617,1889947,207621052,836384,44080119808,44099829464,0.803888625,0.710139583,2.065005666,2.525266042,0.428133875,1.164671417,0.121188792,6.183077,6.304265792,803.888625,710.139583,0.004292,2065.005666,2525.266042,428.133875,0.024083,2.184625,1164.671417,0.006875,7699.35125,0.026167,118.94275,0.001,owner_state/results/collect-20260915T094023087152Z/015-measured-04-cse_dce-ssz.log,baef48a54c89f686af820fee3883b40ba45df94b934edcf2fb98ef1a8224dd43
cse_dce/ssz,cse_dce,ssz,measured,5,1,16,7.789485,336.209,1022.43,9.453394167,8482697,8476896,24,6592617,1889947,207621052,836384,44083183616,44102876864,0.799585333,0.713801209,2.113941042,2.44729075,0.430195375,1.164695916,0.119975375,6.156123083,6.276098458,799.585333,713.801209,0.004209,2113.941042,2447.29075,430.195375,0.0225,2.379208,1164.695916,0.006667,7671.945666,0.023457,117.539334,0.001,owner_state/results/collect-20260915T094023087152Z/016-measured-05-cse_dce-ssz.log,9bb1b8395784f1bc7294f865abed70950369c973f2a3e8012ce552f62e150f21
cse_dce/rlp,cse_dce,rlp,measured,5,2,17,7.810436,331.927,1023.114,9.463204083,8462089,8456073,24,6722637,1739319,207621052,835712,44144328704,44163907120,0.799274958,0.7066405,2.1311455,2.47498025,0.428672667,1.1484495,0.121272625,6.183247917,6.304520542,799.274958,706.6405,0.004542,2131.1455,2474.98025,428.672667,0.02425,2.151792,1148.4495,0.005208,7691.372209,0.023042,119.063791,0.001,owner_state/results/collect-20260915T094023087152Z/017-measured-05-cse_dce-rlp.log,70cdfd068fe863125fe301c91f4037bda1b8449b26396db311ca3704954162e7
cse_dce/direct,cse_dce,direct,measured,5,3,18,7.307708,167.236,520.554,8.199934708,7498510,7492965,23,5954835,1543542,182455228,834752,41413394432,41431693072,0.426816625,0.592311875,2.276742458,2.333962125,0.420396833,1.131090417,0.126387667,6.162191833,6.2885795,426.816625,592.311875,0.005333,2276.742458,2333.962125,420.396833,0.018833,2.214459,1131.090417,0.005625,7183.587666,0.023083,124.120334,0.001,owner_state/results/collect-20260915T094023087152Z/018-measured-05-cse_dce-direct.log,b007c29f74011590df81718e437b9d55510103c40b1addc78c5dd61f3f67cfbc
cse_dce/direct,cse_dce,direct,measured,6,1,19,7.664471,169.92,520.356,8.560336542,7498510,7492965,23,5954835,1543542,182455228,834752,41411198976,41429497616,0.418579,0.600438625,2.368793917,2.530439583,0.432106,1.188846583,0.125267292,6.520186083,6.645453375,418.579,600.438625,0.004166,2368.793917,2530.439583,432.106,0.018834,2.493375,1188.846583,0.005417,7541.745708,0.020208,122.725292,0.001,owner_state/results/collect-20260915T094023087152Z/019-measured-06-cse_dce-direct.log,ed91d4782cd2fa6ff7520f4aa9f3fa03a176b91ef55772b4b7cfa88679ee767c
cse_dce/rlp,cse_dce,rlp,measured,6,2,20,7.957345,312.847,1025.31,9.588457666,8462089,8456073,24,6722637,1739319,207621052,835712,44140019712,44159696576,0.8072485,0.721954917,2.239603375,2.4851895,0.433578417,1.157526667,0.112243624,6.315897959,6.428141583,807.2485,721.954917,0.005708,2239.603375,2485.1895,433.578417,0.020459,2.33075,1157.526667,0.004541,7847.484458,0.021624,109.860542,0.001,owner_state/results/collect-20260915T094023087152Z/020-measured-06-cse_dce-rlp.log,20307036855850b220f5b5c83d08755fc6ca81ac6fe6ea97362ae0e196756980
cse_dce/ssz,cse_dce,ssz,measured,6,3,21,7.439882,303.729,1008.976,9.048872958,8482697,8476896,24,6592617,1889947,207621052,836384,44080218112,44099911360,0.780762958,0.724230042,2.069838667,2.249894792,0.401234208,1.105422208,0.108499125,5.826389875,5.934889,780.762958,724.230042,0.004042,2069.838667,2249.894792,401.234208,0.017167,2.4125,1105.422208,0.006916,7333.844291,0.020791,106.037709,0.001,owner_state/results/collect-20260915T094023087152Z/021-measured-06-cse_dce-ssz.log,87b802f7283cf80aaf1d113524b62ffe75112309d9e3944913dd7a159118955a
cse_dce/direct,cse_dce,direct,measured,7,1,22,6.910935,154.001,515.598,7.775861791,7498510,7492965,23,5954835,1543542,182455228,834752,41411608576,41429890808,0.416769458,0.58889625,2.102546666,2.152780083,0.423919958,1.108035416,0.117987169,5.787282123,5.905269292,416.769458,588.89625,0.004625,2102.546666,2152.780083,423.919958,0.020375,2.281208,1108.035416,0.007625,6795.2815,0.019836,115.6535,0.001,owner_state/results/collect-20260915T094023087152Z/022-measured-07-cse_dce-direct.log,c6c6f1f5c6488ac38874dc211d037bba1fff3fd906158f5f0bb5690dc199105e
cse_dce/rlp,cse_dce,rlp,measured,7,2,23,7.297651,303.894,1024.397,8.919882666,8462089,8456073,24,6722637,1739319,207621052,835712,44137496576,44157074992,0.7698725,0.70199775,1.946931917,2.219599542,0.422908667,1.1272825,0.109058124,5.716722626,5.82578075,769.8725,701.99775,0.004208,1946.931917,2219.599542,422.908667,0.017292,2.115708,1127.2825,0.006167,7190.765708,0.029457,106.885292,0.001,owner_state/results/collect-20260915T094023087152Z/023-measured-07-cse_dce-rlp.log,af740334c1d59b7cc4d1c1e185c5b40ce0a4ee4ba98e7e2a6e4bdcd3c5386f53
cse_dce/ssz,cse_dce,ssz,measured,7,3,24,7.249053,302.257,1017.877,8.870060209,8482697,8476896,24,6592617,1889947,207621052,836384,44084789248,44104548128,0.788451333,0.706929209,1.917440958,2.185671709,0.427715709,1.114299833,0.108544249,5.645128209,5.753672458,788.451333,706.929209,0.004375,1917.440958,2185.671709,427.715709,0.017833,2.192333,1114.299833,0.013041,7142.758417,0.022084,106.294583,0.001,owner_state/results/collect-20260915T094023087152Z/024-measured-07-cse_dce-ssz.log,72c13cd867bb8af42144f76e82b36f6aaa879ba7fb1a205841dbed7542f19851
cse_dce/rlp,cse_dce,rlp,measured,8,1,25,7.180528,299.373,1018.504,8.784091959,8462089,8456073,24,6722637,1739319,207621052,835712,44143378432,44163071704,0.785724541,0.707233167,1.902868667,2.178794916,0.425272125,1.073034084,0.1076005,5.579969792,5.687570292,785.724541,707.233167,0.0045,1902.868667,2178.794916,425.272125,0.017958,2.157333,1073.034084,0.008167,7075.139625,0.024167,105.388375,0.001,owner_state/results/collect-20260915T094023087152Z/025-measured-08-cse_dce-rlp.log,32709c653890444744d3a77534d69bdb361b21681ecdd701b1546d67a8d81377
cse_dce/direct,cse_dce,direct,measured,8,2,26,6.811707,157.811,517.292,7.68144075,7498510,7492965,23,5954835,1543542,182455228,834752,41413935104,41432217336,0.420079625,0.5858805,2.031406916,2.146994334,0.403758542,1.11239375,0.111193333,5.694553542,5.805746875,420.079625,585.8805,0.004958,2031.406916,2146.994334,403.758542,0.025166,2.067375,1112.39375,0.004375,6702.635666,0.020125,109.071334,0.001,owner_state/results/collect-20260915T094023087152Z/026-measured-08-cse_dce-direct.log,0bd1b3156840e67d1dfff8875eface4d5f006772559a8cc38e511041bbd97c17
cse_dce/ssz,cse_dce,ssz,measured,8,3,27,7.253974,303.297,997.61,8.853636208,8482697,8476896,24,6592617,1889947,207621052,836384,44083560448,44103302920,0.761739542,0.697997459,1.937503791,2.19623075,0.42021325,1.133312708,0.1069765,5.687260499,5.794236999,761.739542,697.997459,0.00425,1937.503791,2196.23075,420.21325,0.015708,2.289917,1133.312708,0.007708,7149.335292,0.020209,104.638708,0.001,owner_state/results/collect-20260915T094023087152Z/027-measured-08-cse_dce-ssz.log,55b342080d58f8485b543f6287e09aba719fda672c1ebd80658bb2c9e7aff4e6
cse_dce/rlp,cse_dce,rlp,measured,9,1,28,7.199241,291.663,1021.72,8.780136042,8462089,8456073,24,6722637,1739319,207621052,835712,44142919680,44162596544,0.770747375,0.71564325,1.912261083,2.197469334,0.423437125,1.078764833,0.100918,5.611932375,5.712850375,770.747375,715.64325,0.004042,1912.261083,2197.469334,423.437125,0.019708,2.134667,1078.764833,0.006167,7100.510875,0.023291,98.730125,0.001,owner_state/results/collect-20260915T094023087152Z/028-measured-09-cse_dce-rlp.log,76176165119a693704fdefb623669b24d3f0ff4cabbc37b221c2fd8211d32bad
cse_dce/ssz,cse_dce,ssz,measured,9,2,29,6.875572,305.216,1005.556,8.475828792,8482697,8476896,24,6592617,1889947,207621052,836384,44082987008,44102696664,0.705200917,0.692662417,1.794164875,2.073442875,0.403770625,1.102826125,0.103504166,5.3742045,5.477708666,705.200917,692.662417,0.00425,1794.164875,2073.442875,403.770625,0.025208,2.274041,1102.826125,0.005041,6774.397792,0.021418,101.174208,0.001,owner_state/results/collect-20260915T094023087152Z/029-measured-09-cse_dce-ssz.log,4d7fe7269a7a1c2a81466ed3905131f9ebd52049a5d7f51b00315f33215a6a66
cse_dce/direct,cse_dce,direct,measured,9,3,30,7.024302,150.828,518.825,7.88568575,7498510,7492965,23,5954835,1543542,182455228,834752,41416998912,41435281144,0.427442625,0.609839417,2.100990959,2.219980292,0.433010833,1.117533333,0.115504541,5.871515417,5.987019958,427.442625,609.839417,0.0045,2100.990959,2219.980292,433.010833,0.018333,2.219833,1117.533333,0.004791,6911.06625,0.021334,113.23575,0.001,owner_state/results/collect-20260915T094023087152Z/030-measured-09-cse_dce-direct.log,89c8d093d88c1ae720261465d64edeab0fe902b4c8622c9b437331bd729b02db
cse_dce/ssz,cse_dce,ssz,measured,10,1,31,7.371631,309.913,1028.452,9.016915084,8482697,8476896,24,6592617,1889947,207621052,836384,44080332800,44100058864,0.747874083,0.724090417,1.931561666,2.282984792,0.429220209,1.140038292,0.115861541,5.783804959,5.8996665,747.874083,724.090417,0.004292,1931.561666,2282.984792,429.220209,0.020917,2.394417,1140.038292,0.006625,7258.219584,0.023874,113.411416,0.001,owner_state/results/collect-20260915T094023087152Z/031-measured-10-cse_dce-ssz.log,af58b6ccb2584a601b84419bec29dc4f4bc906b99e489c6c804261fd9500f082
cse_dce/direct,cse_dce,direct,measured,10,2,32,6.849671,151.239,532.107,7.723971209,7498510,7492965,23,5954835,1543542,182455228,834752,41415458816,41433741048,0.451076833,0.620420041,1.979857834,2.133511459,0.435210792,1.115479125,0.114114916,5.66405921,5.778174126,451.076833,620.420041,0.003917,1979.857834,2133.511459,435.210792,0.013208,2.312458,1115.479125,0.005041,6737.912083,0.021375,111.758917,0.001,owner_state/results/collect-20260915T094023087152Z/032-measured-10-cse_dce-direct.log,b91177dfcdd1bfbb670129eb99e88fac051091686367ef30b29a17f2f3f28431
cse_dce/rlp,cse_dce,rlp,measured,10,3,33,7.339982,295.497,1027.486,8.954051417,8462089,8456073,24,6722637,1739319,207621052,835712,44143788032,44163464896,0.798029041,0.717170334,1.954211292,2.20869725,0.427434125,1.133974417,0.100465541,5.724317084,5.824782625,798.029041,717.170334,0.005,1954.211292,2208.69725,427.434125,0.024,2.633541,1133.974417,0.007667,7242.212042,0.025375,97.769958,0.001,owner_state/results/collect-20260915T094023087152Z/033-measured-10-cse_dce-rlp.log,7c8184ff2571f519a3062b0d6906790480ca2be488ed4e494e107bf5aa7857be
cse_dce/ssz,cse_dce,ssz,measured,11,1,34,6.974359,297.16,1029.247,8.58876575,8482697,8476896,24,6592617,1889947,207621052,836384,44085788672,44105498328,0.723698583,0.71242775,1.824153625,2.066387625,0.412396417,1.133324125,0.101970875,5.436261792,5.538232667,723.698583,712.42775,0.00425,1824.153625,2066.387625,412.396417,0.053667,2.162542,1133.324125,0.004417,6874.63425,0.021249,99.72475,0.001,owner_state/results/collect-20260915T094023087152Z/034-measured-11-cse_dce-ssz.log,37a666c699a114e8e49a93af26d5d05746f0140fe7dd135f4e646904dd53024f
cse_dce/rlp,cse_dce,rlp,measured,11,2,35,7.122579,294.854,1010.161,8.704690375,8462089,8456073,24,6722637,1739319,207621052,835712,44139823104,44159401520,0.813795375,0.752345291,1.859040625,2.123200834,0.425355084,1.048945917,0.099895874,5.45654246,5.556438334,813.795375,752.345291,0.003667,1859.040625,2123.200834,425.355084,0.018542,2.186,1048.945917,0.004416,7024.917375,0.021624,97.661625,0.001,owner_state/results/collect-20260915T094023087152Z/035-measured-11-cse_dce-rlp.log,b67ed8ecb296023c8c9afd5ecbf813ca5bd6a55494e69afb9f473eaf26273821
cse_dce/direct,cse_dce,direct,measured,11,3,36,6.391031,153.492,511.74,7.249322875,7498510,7492965,23,5954835,1543542,182455228,834752,41410871296,41429169936,0.415175291,0.579267292,1.854910417,1.960729625,0.407830625,1.064192042,0.108925708,5.287662709,5.396588417,415.175291,579.267292,0.004666,1854.910417,1960.729625,407.830625,0.015584,2.277334,1064.192042,0.00475,6284.426833,0.019207,106.604167,0.001,owner_state/results/collect-20260915T094023087152Z/036-measured-11-cse_dce-direct.log,bf79457d65f672b27b0e25f1ac5d675a9aef08547eef07972d87091c61ac7286
cse_dce/direct,cse_dce,direct,measured,12,1,37,6.443242,149.853,521.053,7.29933925,7498510,7492965,23,5954835,1543542,182455228,834752,41411018752,41429300984,0.416694541,0.56755025,1.908487542,1.98316675,0.403237791,1.059659666,0.10444546,5.354551749,5.458997209,416.694541,567.55025,0.003916,1908.487542,1983.16675,403.237791,0.02075,2.255166,1059.659666,0.005416,6341.102958,0.02117,102.139042,0.001,owner_state/results/collect-20260915T094023087152Z/037-measured-12-cse_dce-direct.log,4dec8dee36ba10c48731182327cf7befd33cb476686dee122515f14540ecc383
cse_dce/ssz,cse_dce,ssz,measured,12,2,38,6.760763,296.734,1002.194,8.340301208,8482697,8476896,24,6592617,1889947,207621052,836384,44083462144,44103171800,0.734030958,0.68635225,1.73897875,2.044857542,0.410799292,1.050218292,0.095525916,5.244853876,5.340379792,734.030958,686.35225,0.004792,1738.97875,2044.857542,410.799292,0.020166,2.22075,1050.218292,0.0065,6667.514041,0.024749,93.248959,0.001,owner_state/results/collect-20260915T094023087152Z/038-measured-12-cse_dce-ssz.log,f88fbc1c998c784b3470984748e227d2bd7da241484b1ace267531babb3db000
cse_dce/rlp,cse_dce,rlp,measured,12,3,39,6.764633,297.163,1020.926,8.374983042,8462089,8456073,24,6722637,1739319,207621052,835712,44102729728,44122340960,0.719322292,0.707445708,1.743657167,2.035245834,0.389988334,1.0747165,0.094257165,5.243607835,5.337865,719.322292,707.445708,0.004542,1743.657167,2035.245834,389.988334,0.015,2.231334,1074.7165,0.009125,6672.659,0.023164,91.974,0.001,owner_state/results/collect-20260915T094023087152Z/039-measured-12-cse_dce-rlp.log,39d6a7f982bf9bfdbd2e77f8c9379c9873b80b5484834a525b8a2d720e1a3bf9
cse_dce/rlp,cse_dce,rlp,measured,13,1,40,6.953465,294.547,1006.086,8.562521833,8462089,8456073,24,6722637,1739319,207621052,835712,44142133248,44161810112,0.72141575,0.708068792,1.776183583,2.080792166,0.434765416,1.133802292,0.098437001,5.425543457,5.523980458,721.41575,708.068792,0.004417,1776.183583,2080.792166,434.765416,0.0155,2.113125,1133.802292,0.009166,6857.1915,0.021293,96.2735,0.001,owner_state/results/collect-20260915T094023087152Z/040-measured-13-cse_dce-rlp.log,44ef71688bd211ef02a35d0b0d354cac13a02008e1e8ef46bedbc167e6b5218e
cse_dce/direct,cse_dce,direct,measured,13,2,41,6.591842,153.478,510.696,7.460496125,7498510,7492965,23,5954835,1543542,182455228,834752,41414508544,41432790776,0.429938375,0.58386025,1.923368875,2.004205333,0.415003583,1.118403333,0.117062251,5.460981124,5.578043375,429.938375,583.86025,0.00475,1923.368875,2004.205333,415.003583,0.021042,2.474542,1118.403333,0.005083,6477.311792,0.026626,114.530208,0.001,owner_state/results/collect-20260915T094023087152Z/041-measured-13-cse_dce-direct.log,19b39d04d8e1853b97d12c0cab308151222bca5be396680e3664e60df9bfa908
cse_dce/ssz,cse_dce,ssz,measured,13,3,42,7.236367,306.087,1020.792,8.862309375,8482697,8476896,24,6592617,1889947,207621052,836384,44083003392,44102696640,0.7712555,0.694647958,1.895018541,2.18745175,0.427031709,1.15229325,0.108668292,5.66179525,5.770463542,771.2555,694.647958,0.004542,1895.018541,2187.45175,427.031709,0.019459,2.254042,1152.29325,0.006667,7130.011041,0.027623,106.355959,0.001,owner_state/results/collect-20260915T094023087152Z/042-measured-13-cse_dce-ssz.log,a34a6ca7b221acbf4b2e5264a309a873c6028e386cb6890663b758fde9630c03
cse_dce/direct,cse_dce,direct,measured,14,1,43,6.703646,154.957,517.887,7.574597792,7498510,7492965,23,5954835,1543542,182455228,834752,41416261632,41434560272,0.42428375,0.583192667,1.99907025,2.046784458,0.426282042,1.113712792,0.110320041,5.585849542,5.696169583,424.28375,583.192667,0.004333,1999.07025,2046.784458,426.282042,0.020833,2.166625,1113.712792,0.004208,6595.542542,0.020584,108.103458,0.001,owner_state/results/collect-20260915T094023087152Z/043-measured-14-cse_dce-direct.log,8925fc3842f67b0f5506b18dc786690d77b6dcc2febe30eb9e539c2b67d2a499
cse_dce/rlp,cse_dce,rlp,measured,14,2,44,7.048035,297.508,1019.575,8.65920325,8462089,8456073,24,6722637,1739319,207621052,835712,44144066560,44163677792,0.771848584,0.700625125,1.849076792,2.092078292,0.432444625,1.099007834,0.102953748,5.472607543,5.575561291,771.848584,700.625125,0.004209,1849.076792,2092.078292,432.444625,0.019542,2.437667,1099.007834,0.005667,6947.57425,0.025913,100.46075,0.001,owner_state/results/collect-20260915T094023087152Z/044-measured-14-cse_dce-rlp.log,81be62f73817aba9c58d2ef71cccb9c0ca188a0a382a28da137b102420129dda
cse_dce/ssz,cse_dce,ssz,measured,14,3,45,7.011491,296.209,1021.573,8.621489042,8482697,8476896,24,6592617,1889947,207621052,836384,44085624832,44105367304,0.766765084,0.696903875,1.82288475,2.098940708,0.421571084,1.100378041,0.104047458,5.443774583,5.547822041,766.765084,696.903875,0.003917,1822.88475,2098.940708,421.571084,0.021792,2.221583,1100.378041,0.005083,6909.7185,0.022583,101.7725,0.001,owner_state/results/collect-20260915T094023087152Z/045-measured-14-cse_dce-ssz.log,8408212d7016caaaf9a2699c30677bfd1b76b406e57486465370b95c9aeae98b
cse_dce/ssz,cse_dce,ssz,measured,15,1,46,6.995136,296.83,1020.634,8.601545458,8482697,8476896,24,6592617,1889947,207621052,836384,44081954816,44101680880,0.768181083,0.702440708,1.818197083,2.095291083,0.41216175,1.097379542,0.101484751,5.423029458,5.524514209,768.181083,702.440708,0.005333,1818.197083,2095.291083,412.16175,0.020083,2.221291,1097.379542,0.004625,6895.925458,0.022877,99.210542,0.001,owner_state/results/collect-20260915T094023087152Z/046-measured-15-cse_dce-ssz.log,b0a2a158895e09673c4f075197a002251d6e2d59dec799ed1a7c1c04d0754780
cse_dce/rlp,cse_dce,rlp,measured,15,2,47,7.034682,300.674,1022.391,8.65518825,8462089,8456073,24,6722637,1739319,207621052,835712,44143411200,44163120880,0.767518083,0.703225458,1.800596875,2.11600075,0.421906625,1.119813292,0.105620917,5.458317542,5.563938459,767.518083,703.225458,0.009625,1800.596875,2116.00075,421.906625,0.021583,2.326583,1119.813292,0.007292,6931.451084,0.024918,103.230916,0.001,owner_state/results/collect-20260915T094023087152Z/047-measured-15-cse_dce-rlp.log,593c2741278a04ab6939ca2eb3961ce1fe74aa494e5c2945fea9b6c76f535dbc
cse_dce/direct,cse_dce,direct,measured,15,3,48,6.554204,167.772,517.271,7.437784584,7498510,7492965,23,5954835,1543542,182455228,834752,41411739648,41430005472,0.419548042,0.574113834,1.920958208,1.998259875,0.418357833,1.110349167,0.112617041,5.447925083,5.560542124,419.548042,574.113834,0.004542,1920.958208,1998.259875,418.357833,0.021833,2.367,1110.349167,0.004458,6444.004958,0.020166,110.199042,0.001,owner_state/results/collect-20260915T094023087152Z/048-measured-15-cse_dce-direct.log,663049c8fa4f640e753d720b35e224e35a78cbff579fd862038d3eef67146c7e
cse_dce/ssz,cse_dce,ssz,measured,16,1,49,7.062279,298.19,1024.363,8.676776209,8482697,8476896,24,6592617,1889947,207621052,836384,44083609600,44103302848,0.7737365,0.691026375,1.839067375,2.111992959,0.422817417,1.121152333,0.102486041,5.495030084,5.597516125,773.7365,691.026375,0.005708,1839.067375,2111.992959,422.817417,0.014708,2.180958,1121.152333,0.005041,6962.020292,0.020918,100.258708,0.001,owner_state/results/collect-20260915T094023087152Z/049-measured-16-cse_dce-ssz.log,9b360760675c69f51fcc22fbb6972aa920f9a8ee1e3b97af1189b0367f359921
cse_dce/direct,cse_dce,direct,measured,16,2,50,6.584652,150.786,520.662,7.466298041,7498510,7492965,23,5954835,1543542,182455228,834752,41413836800,41432119032,0.422490208,0.579755541,1.979754625,1.994928667,0.404241459,1.094014667,0.109466833,5.472939418,5.582406251,422.490208,579.755541,0.004041,1979.754625,1994.928667,404.241459,0.013917,2.136083,1094.014667,0.005,6477.363291,0.019083,107.288709,0.001,owner_state/results/collect-20260915T094023087152Z/050-measured-16-cse_dce-direct.log,67aec104b38d37c288bb50aad8fe9c2a30de7504b46186711a87d2df801f6c1f
cse_dce/rlp,cse_dce,rlp,measured,16,3,51,6.966276,291.868,1021.947,8.554348958,8462089,8456073,24,6722637,1739319,207621052,835712,44143738880,44163432152,0.785635,0.713747,1.859352375,2.072997834,0.404536417,1.029089708,0.100917666,5.365976334,5.466894,785.635,713.747,0.005666,1859.352375,2072.997834,404.536417,0.020167,2.2645,1029.089708,0.007958,6867.679667,0.023042,98.596333,0.001,owner_state/results/collect-20260915T094023087152Z/051-measured-16-cse_dce-rlp.log,28ef72f9198dfe42fde5f3e88a0690ad2720185f42ccdf683d7132d07ea38540
cse_dce/direct,cse_dce,direct,measured,17,1,52,6.309471,150.311,509.027,7.159080083,7498510,7492965,23,5954835,1543542,182455228,834752,41416556544,41434838776,0.406478375,0.567766333,1.810598084,1.9075845,0.423061,1.085953625,0.108029083,5.227197209,5.335226292,406.478375,567.766333,0.003625,1810.598084,1907.5845,423.061,0.017375,2.129083,1085.953625,0.004458,6203.619083,0.022625,105.851917,0.001,owner_state/results/collect-20260915T094023087152Z/052-measured-17-cse_dce-direct.log,1d60fb2e5f69c262adaad82f98d468d0c3ef98456e4616a0802450197451f946
cse_dce/ssz,cse_dce,ssz,measured,17,2,53,6.803212,292.737,1005.509,8.383229959,8482697,8476896,24,6592617,1889947,207621052,836384,44100288512,44120063752,0.722971458,0.687004917,1.731676125,2.05346675,0.418815625,1.093373541,0.095903584,5.297332041,5.393235625,722.971458,687.004917,0.003959,1731.676125,2053.46675,418.815625,0.014333,2.201792,1093.373541,0.004583,6709.555666,0.022583,93.656334,0.001,owner_state/results/collect-20260915T094023087152Z/053-measured-17-cse_dce-ssz.log,89cbc391ef2f05d3f32dad2dd557dc66143725309672e747e9a0a9527bfc8ad2
cse_dce/rlp,cse_dce,rlp,measured,17,3,54,6.786902,294.813,1003.915,8.368957875,8462089,8456073,24,6722637,1739319,207621052,835712,44138643456,44158303912,0.712529334,0.694621667,1.765575667,2.032082,0.399935458,1.083605875,0.098551999,5.281199,5.379750999,712.529334,694.621667,0.003541,1765.575667,2032.082,399.935458,0.016375,2.088583,1083.605875,0.004333,6690.48375,0.020917,96.41825,0.001,owner_state/results/collect-20260915T094023087152Z/054-measured-17-cse_dce-rlp.log,8305f5bb8666ad4018d0f75e6cb9c9df2ec71c4f1817b390dd6e63083b87bb00
cse_dce/rlp,cse_dce,rlp,measured,18,1,55,6.778282,292.94,1005.698,8.355885917,8462089,8456073,24,6722637,1739319,207621052,835712,44142559232,44162285320,0.720173417,0.692760042,1.73659125,2.031360583,0.416079541,1.083652208,0.097664959,5.267683582,5.365348541,720.173417,692.760042,0.0045,1736.59125,2031.360583,416.079541,0.019042,2.935291,1083.652208,0.008,6683.610209,0.026335,94.671791,0.001,owner_state/results/collect-20260915T094023087152Z/055-measured-18-cse_dce-rlp.log,62a62a83285992df27382335c0e264f58f777fa21ca2e4a947243c0e8d438fd3
cse_dce/ssz,cse_dce,ssz,measured,18,2,56,6.877418,296.96,1008.151,8.4739365,8482697,8476896,24,6592617,1889947,207621052,836384,44084772864,44104498928,0.729290625,0.708459792,1.768746959,2.04192475,0.447384333,1.082695666,0.098915875,5.340751708,5.439667583,729.290625,708.459792,0.004334,1768.746959,2041.92475,447.384333,0.020625,2.020333,1082.695666,0.004708,6780.585042,0.032917,96.832958,0.001,owner_state/results/collect-20260915T094023087152Z/056-measured-18-cse_dce-ssz.log,2c9d673a89147f078f353643a68eddbf18e5403d52702d4b4476e988de961256
cse_dce/direct,cse_dce,direct,measured,18,3,57,6.191612,147.91,513.189,7.039246417,7498510,7492965,23,5954835,1543542,182455228,834752,41412247552,41430513376,0.408965709,0.573566583,1.744295833,1.898201625,0.433237,1.027594,0.10575125,5.103328458,5.209079708,408.965709,573.566583,0.004041,1744.295833,1898.201625,433.237,0.020542,2.240917,1027.594,0.003958,6088.151625,0.021417,103.460375,0.001,owner_state/results/collect-20260915T094023087152Z/057-measured-18-cse_dce-direct.log,55d278a90991c072ec868a39f0cedc2b55e44d1cb45d895838759670fe27e3fc
cse_dce/direct,cse_dce,direct,measured,19,1,58,6.208686,148.706,513.669,7.068261292,7498510,7492965,23,5954835,1543542,182455228,834752,41410428928,41428711160,0.408783125,0.595064792,1.725279375,1.912466916,0.410604167,1.051092792,0.105394833,5.09944325,5.204838083,408.783125,595.064792,0.004334,1725.279375,1912.466916,410.604167,0.021417,2.163125,1051.092792,0.005125,6105.506125,0.020957,103.179875,0.001,owner_state/results/collect-20260915T094023087152Z/058-measured-19-cse_dce-direct.log,1427e78f233ef8a105999e1028a13ba3052d1aa520f2237a8ea49e8efd85385d
cse_dce/ssz,cse_dce,ssz,measured,19,2,59,6.81673,294.643,1023.264,8.412312042,8482697,8476896,24,6592617,1889947,207621052,836384,44091129856,44110872328,0.737145958,0.69027525,1.728387792,2.056516875,0.428313708,1.079789375,0.096301042,5.29300775,5.389308792,737.145958,690.27525,0.004417,1728.387792,2056.516875,428.313708,0.016709,2.137,1079.789375,0.005083,6722.615667,0.0235,94.114333,0.001,owner_state/results/collect-20260915T094023087152Z/059-measured-19-cse_dce-ssz.log,66f4633d6456d99118aa91850fb25f4ca45cb7006ee4953d690cb22f7cd3229c
cse_dce/rlp,cse_dce,rlp,measured,19,3,60,6.921678,302.621,1009.954,8.531382125,8462089,8456073,24,6722637,1739319,207621052,835712,44144558080,44164234944,0.729297875,0.710249083,1.774095708,2.076489334,0.414114,1.114692333,0.102739667,5.379391375,5.482131042,729.297875,710.249083,0.004583,1774.095708,2076.489334,414.114,0.0165,2.074,1114.692333,0.008583,6821.064792,0.022793,100.613208,0.001,owner_state/results/collect-20260915T094023087152Z/060-measured-19-cse_dce-rlp.log,e9692ca98281077a6edc025bbe40dfd766c99ad757e4c7d871a87235ffdddada
cse_dce/rlp,cse_dce,rlp,measured,20,1,61,6.822154,295.932,1024.776,8.424376833,8462089,8456073,24,6722637,1739319,207621052,835712,44141477888,44161154752,0.739084208,0.697376,1.753445084,2.051411833,0.432763542,1.042284917,0.105788416,5.279905376,5.385693792,739.084208,697.376,0.003917,1753.445084,2051.411833,432.763542,0.019459,2.261459,1042.284917,0.0045,6718.678333,0.023414,103.475667,0.001,owner_state/results/collect-20260915T094023087152Z/061-measured-20-cse_dce-rlp.log,05d63c8183e4560f05b7e5da53bd68dc942155de7b3871ec6814f54ff3e66196
cse_dce/ssz,cse_dce,ssz,measured,20,2,62,7.001656,294.569,1022.53,8.600503792,8482697,8476896,24,6592617,1889947,207621052,836384,44090671104,44110413576,0.769291375,0.711994334,1.776528333,2.099610333,0.412694875,1.132601791,0.098934959,5.421435332,5.520370291,769.291375,711.994334,0.004375,1776.528333,2099.610333,412.694875,0.016083,2.317542,1132.601791,0.004792,6905.08725,0.023417,96.56875,0.001,owner_state/results/collect-20260915T094023087152Z/062-measured-20-cse_dce-ssz.log,38cc9783a5ab03ae5d811e7149146cdc2568b55b3b85391d127abd3bd6165603
cse_dce/direct,cse_dce,direct,measured,20,3,63,6.482739,149.056,528.031,7.350179541,7498510,7492965,23,5954835,1543542,182455228,834752,41415016448,41433298680,0.44570625,0.592856667,1.823301916,1.987273875,0.430616334,1.095175792,0.107808166,5.336367917,5.444176083,445.70625,592.856667,0.004542,1823.301916,1987.273875,430.616334,0.014209,2.20425,1095.175792,0.005834,6377.182042,0.022373,105.556958,0.001,owner_state/results/collect-20260915T094023087152Z/063-measured-20-cse_dce-direct.log,bad41e4950c6757bb309b291f76d7fdefba71587179a75fe5f14fe2b3106cd9a
cse_dce/ssz,cse_dce,ssz,measured,21,1,64,7.017248,297.8,1016.415,8.634155583,8482697,8476896,24,6592617,1889947,207621052,836384,44124831744,44144541424,0.736937042,0.714229958,1.823548584,2.08631975,0.415680917,1.133098584,0.107433165,5.458647835,5.566081,736.937042,714.229958,0.004041,1823.548584,2086.31975,415.680917,0.021917,2.351083,1133.098584,0.00475,6912.2255,0.028874,105.0225,0.001,owner_state/results/collect-20260915T094023087152Z/064-measured-21-cse_dce-ssz.log,8bc5a4c58b9460b02a81cf004e8bee46f4b849601e7a6f5290f9da6cd0d967ad
cse_dce/direct,cse_dce,direct,measured,21,2,65,6.483226,159.493,528.308,7.375676958,7498510,7492965,23,5954835,1543542,182455228,834752,41241886720,41260201720,0.446562625,0.598357333,1.843157417,1.967863458,0.401949333,1.118092708,0.107243126,5.331062916,5.438306042,446.562625,598.357333,0.004458,1843.157417,1967.863458,401.949333,0.015375,2.189583,1118.092708,0.006292,6378.219167,0.020585,105.006833,0.001,owner_state/results/collect-20260915T094023087152Z/065-measured-21-cse_dce-direct.log,4dd83d530f2fa37a190aa6e7a43a0d3b571c4619d2f05f2cf1ade79a41f14ac7
cse_dce/rlp,cse_dce,rlp,measured,21,3,66,7.147545,300.741,1032.822,8.779187708,8462089,8456073,24,6722637,1739319,207621052,835712,44139560960,44159254232,0.78066625,0.700255584,1.866427583,2.151612375,0.412547541,1.13338975,0.102645917,5.563977249,5.666623166,780.66625,700.255584,0.004875,1866.427583,2151.612375,412.547541,0.021,2.093833,1133.38975,0.007791,7047.049625,0.023043,100.495375,0.001,owner_state/results/collect-20260915T094023087152Z/066-measured-21-cse_dce-rlp.log,d959cff60c7d2a3c2908100000b8d2b49aab1ad36765240a07b8c862a458e117
cse_dce/direct,cse_dce,direct,measured,22,1,67,6.529061,151.848,516.019,7.395769709,7498510,7492965,23,5954835,1543542,182455228,834752,41414131712,41432413944,0.427949958,0.586147625,1.911481292,1.975346375,0.418996833,1.098438334,0.110700583,5.404262834,5.514963417,427.949958,586.147625,0.004334,1911.481292,1975.346375,418.996833,0.014209,2.491334,1098.438334,0.005125,6420.897833,0.022414,108.163167,0.001,owner_state/results/collect-20260915T094023087152Z/067-measured-22-cse_dce-direct.log,de81818955d4edec600b78fe2c5c78a289fd2f129ddff0dd52003e29b0431dc1
cse_dce/rlp,cse_dce,rlp,measured,22,2,68,7.100596,300.668,1023.574,8.723055958,8462089,8456073,24,6722637,1739319,207621052,835712,44138938368,44158631640,0.76413325,0.7149995,1.839448125,2.123461041,0.419577583,1.133743708,0.105232793,5.516230457,5.62146325,764.13325,714.9995,0.004042,1839.448125,2123.461041,419.577583,0.016834,2.474167,1133.743708,0.00625,6997.887458,0.022958,102.708542,0.001,owner_state/results/collect-20260915T094023087152Z/068-measured-22-cse_dce-rlp.log,f052a1f0048b660554502f3ab2c372068043bf89da9543d13f16456469e06618
cse_dce/ssz,cse_dce,ssz,measured,22,3,69,7.120485,297.472,1023.451,8.73499625,8482697,8476896,24,6592617,1889947,207621052,836384,44083478528,44103204592,0.79551275,0.702262875,1.859509083,2.123795625,0.423775458,1.11109525,0.104533959,5.518175416,5.622709375,795.51275,702.262875,0.0045,1859.509083,2123.795625,423.775458,0.021208,2.409417,1111.09525,0.006833,7018.415167,0.022168,102.069833,0.001,owner_state/results/collect-20260915T094023087152Z/069-measured-22-cse_dce-ssz.log,4690b0d73cc3e64b2dc2c6bd1934e978086f0e875f1d078b42274088e3620dc8
cse_dce/rlp,cse_dce,rlp,measured,23,1,70,7.134788,297.802,1025.369,8.764967833,8462089,8456073,24,6722637,1739319,207621052,835712,44144754688,44164349512,0.798747667,0.69561775,1.82884175,2.150011334,0.39966,1.159914958,0.101994541,5.538428042,5.640422583,798.747667,695.61775,0.004417,1828.84175,2150.011334,399.66,0.02,2.47575,1159.914958,0.005791,7035.321583,0.022166,99.466417,0.001,owner_state/results/collect-20260915T094023087152Z/070-measured-23-cse_dce-rlp.log,ec57e6bd15939b82e2a1be033368cb9e400829811acb15e37cd17a169b5bf8d0
cse_dce/direct,cse_dce,direct,measured,23,2,71,6.366002,147.835,528.27,7.230295958,7498510,7492965,23,5954835,1543542,182455228,834752,41413689344,41432020800,0.448728667,0.602019334,1.891665208,1.926282375,0.397892,1.002238792,0.097175624,5.218078375,5.315253999,448.728667,602.019334,0.006041,1891.665208,1926.282375,397.892,0.016,2.096791,1002.238792,0.004334,6270.96975,0.020208,95.03225,0.001,owner_state/results/collect-20260915T094023087152Z/071-measured-23-cse_dce-direct.log,8b7110015e81973b2d4dc3dc3242b13537c33905d5a20bb92a30c4f0dc61c1ed
cse_dce/ssz,cse_dce,ssz,measured,23,3,72,6.852296,293.662,1005.008,8.435849917,8482697,8476896,24,6592617,1889947,207621052,836384,44083281920,44102975168,0.724368833,0.689466209,1.744958917,2.044978417,0.422390542,1.128159125,0.097973957,5.340487001,5.438460958,724.368833,689.466209,0.0045,1744.958917,2044.978417,422.390542,0.019041,2.120958,1128.159125,0.003916,6756.493625,0.023167,95.802375,0.001,owner_state/results/collect-20260915T094023087152Z/072-measured-23-cse_dce-ssz.log,c507a7a94afbc04bfb0796603973531b439a4c8922dd2b9a282f739d89711cf4
cse_dce/ssz,cse_dce,ssz,measured,24,1,73,7.051674,298.615,1001.86,8.650940084,8482697,8476896,24,6592617,1889947,207621052,836384,44081971200,44101680856,0.722703541,0.726578542,1.800561792,2.077965917,0.456653917,1.165168958,0.102041333,5.500350584,5.602391917,722.703541,726.578542,0.004458,1800.561792,2077.965917,456.653917,0.0195,2.595125,1165.168958,0.006125,6952.304167,0.046292,99.369833,0.001,owner_state/results/collect-20260915T094023087152Z/073-measured-24-cse_dce-ssz.log,645e3618b967fa210f182e7a3632e3282b64b699720af839d2cca01d5663bca8
cse_dce/rlp,cse_dce,rlp,measured,24,2,74,7.078283,298.981,1048.92,8.720432583,8462089,8456073,24,6722637,1739319,207621052,835712,44141871104,44161465928,0.809119166,0.749489708,1.823492125,2.090874375,0.420172292,1.080653333,0.104482001,5.415192125,5.519674126,809.119166,749.489708,0.004708,1823.492125,2090.874375,420.172292,0.022417,2.260625,1080.653333,0.009333,6976.127542,0.02946,102.155458,0.001,owner_state/results/collect-20260915T094023087152Z/074-measured-24-cse_dce-rlp.log,d8a6c23d66ca75cac262150bc7852f28a63781a41571ce9ead2f4953954197b2
cse_dce/direct,cse_dce,direct,measured,24,3,75,6.488079,155.116,518.746,7.365838042,7498510,7492965,23,5954835,1543542,182455228,834752,41614934016,41633380328,0.4330795,0.5843655,1.814794083,1.960519333,0.443435625,1.13546325,0.116421709,5.354212291,5.470634,433.0795,584.3655,0.004333,1814.794083,1960.519333,443.435625,0.017167,2.571333,1135.46325,0.004958,6374.277417,0.022335,113.801583,0.001,owner_state/results/collect-20260915T094023087152Z/075-measured-24-cse_dce-direct.log,fbb53ea203bb3f88c92f7d90e1ac67728ae3cfef6fde692b9c5680a2212e6dec
cse_dce/ssz,cse_dce,ssz,measured,25,1,76,6.929312,286.149,1021.698,8.512088208,8482697,8476896,24,6592617,1889947,207621052,836384,44080365568,44100108040,0.788258083,0.689687375,1.811599667,2.095739584,0.41887125,1.029389542,0.095766499,5.355600043,5.451366542,788.258083,689.687375,0.004834,1811.599667,2095.739584,418.87125,0.016083,2.121708,1029.389542,0.006459,6835.718166,0.023581,93.593834,0.001,owner_state/results/collect-20260915T094023087152Z/076-measured-25-cse_dce-ssz.log,348728ae9a6026dbf3155c5a176eabced77b565d50d68b7707581d0a29aed1c6
cse_dce/rlp,cse_dce,rlp,measured,25,2,77,6.962887,300.848,1019.103,8.591413666,8462089,8456073,24,6722637,1739319,207621052,835712,44137299968,44156976832,0.736508,0.717438334,1.775956083,2.084564,0.416843667,1.125271292,0.106305624,5.402635042,5.508940666,736.508,717.438334,0.003708,1775.956083,2084.564,416.843667,0.017833,2.572125,1125.271292,0.0065,6859.209375,0.027833,103.677625,0.001,owner_state/results/collect-20260915T094023087152Z/077-measured-25-cse_dce-rlp.log,393f050a7612d0c2735ddc2222f0174eb3539f792372622dd41e5667fd198d19
cse_dce/direct,cse_dce,direct,measured,25,3,78,6.542291,149.383,526.582,7.412720166,7498510,7492965,23,5954835,1543542,182455228,834752,41415770112,41434085160,0.441209583,0.587413416,1.926451583,2.008223791,0.410780625,1.055911041,0.112300961,5.40136704,5.513668001,441.209583,587.413416,0.004209,1926.451583,2008.223791,410.780625,0.018834,2.148833,1055.911041,0.00475,6432.186417,0.019752,110.104583,0.001,owner_state/results/collect-20260915T094023087152Z/078-measured-25-cse_dce-direct.log,f035a607d28c1bdb389652a99a2dfe92944db38ae49df2cecbf64fd1430a00d1
cse_dce/direct,cse_dce,direct,measured,26,1,79,6.791136,152.396,518.546,7.667263833,7498510,7492965,23,5954835,1543542,182455228,834752,41416441856,41434724088,0.429012042,0.581153375,1.982598333,2.107250917,0.427484083,1.145643208,0.117994042,5.662976541,5.780970583,429.012042,581.153375,0.004084,1982.598333,2107.250917,427.484083,0.026917,2.245791,1145.643208,0.004167,6675.445208,0.022291,115.690792,0.001,owner_state/results/collect-20260915T094023087152Z/079-measured-26-cse_dce-direct.log,b916ee82c48a6e88862c1a2cc9dc4f37fd82e442e95278e44a67364324952be1
cse_dce/rlp,cse_dce,rlp,measured,26,2,80,7.19411,301.88,1031.088,8.828194209,8462089,8456073,24,6722637,1739319,207621052,835712,44143755264,44163317272,0.794370917,0.733959333,1.864383875,2.141500833,0.425815834,1.130308541,0.103770667,5.562009083,5.66577975,794.370917,733.959333,0.00425,1864.383875,2141.500833,425.815834,0.017875,3.064625,1130.308541,0.009792,7093.4595,0.023625,100.6505,0.001,owner_state/results/collect-20260915T094023087152Z/080-measured-26-cse_dce-rlp.log,0d0bb26fc58fc59173629a3865fda3b8a2676bcf50309a4a919e51a692a06b66
cse_dce/ssz,cse_dce,ssz,measured,26,3,81,6.840849,291.786,1042.371,8.452659958,8482697,8476896,24,6592617,1889947,207621052,836384,44082282496,44102008560,0.733079083,0.717958,1.815388708,2.066266666,0.405886541,1.009575542,0.09269446,5.297117457,5.389811917,733.079083,717.958,0.003708,1815.388708,2066.266666,405.886541,0.023792,2.207416,1009.575542,0.005917,6750.419125,0.023752,90.429875,0.001,owner_state/results/collect-20260915T094023087152Z/081-measured-26-cse_dce-ssz.log,0590784679f48835803e8fbc3f5e36a1791d5d959f16818f111d07dacf2de35c
cse_dce/rlp,cse_dce,rlp,measured,27,1,82,6.855507,288.78,1072.716,8.493754042,8462089,8456073,24,6722637,1739319,207621052,835712,44142002176,44161597000,0.703581042,0.687207083,1.751283792,2.0609,0.415005667,1.127309291,0.110220125,5.35449875,5.464718875,703.581042,687.207083,0.004417,1751.283792,2060.9,415.005667,0.017625,2.257833,1127.309291,0.007917,6747.599042,0.024375,107.907958,0.001,owner_state/results/collect-20260915T094023087152Z/082-measured-27-cse_dce-rlp.log,05f360f9ab5363d723be10a1a9764a8d610b8e47d76aac476e722a254e8930f1
cse_dce/ssz,cse_dce,ssz,measured,27,2,83,7.030189,292.977,1025.067,8.63820275,8482697,8476896,24,6592617,1889947,207621052,836384,44119654400,44139347672,0.759903958,0.722494334,1.829332916,2.044563541,0.459315333,1.114873208,0.09970571,5.448084998,5.547790708,759.903958,722.494334,0.005167,1829.332916,2044.563541,459.315333,0.0155,2.47425,1114.873208,0.004458,6933.005,0.022335,97.184,0.001,owner_state/results/collect-20260915T094023087152Z/083-measured-27-cse_dce-ssz.log,8477f3fe62300a3ec94317b031db064fd4f66721e5bef3b0c5060f49ce39b4ea
cse_dce/direct,cse_dce,direct,measured,27,3,84,6.250353,151.154,508.54,7.106728667,7498510,7492965,23,5954835,1543542,182455228,834752,41414410240,41432692472,0.407795334,0.57961625,1.768089958,1.897058542,0.411456791,1.077474042,0.108862083,5.154079333,5.262941416,407.795334,579.61625,0.004291,1768.089958,1897.058542,411.456791,0.015625,2.140416,1077.474042,0.00575,6143.67625,0.019251,106.67675,0.001,owner_state/results/collect-20260915T094023087152Z/084-measured-27-cse_dce-direct.log,27e006101f5acd6c3810b845c519dd29900161f774ecfd653e54b80f732d880f
cse_dce/ssz,cse_dce,ssz,measured,28,1,85,6.981173,295.505,1009.583,8.575480125,8482697,8476896,24,6592617,1889947,207621052,836384,44080201728,44099927792,0.725431833,0.700358958,1.805132958,2.096665125,0.431363,1.121061,0.101160126,5.454222083,5.555382209,725.431833,700.358958,0.004291,1805.132958,2096.665125,431.363,0.018167,2.30525,1121.061,0.004833,6882.370625,0.02521,98.802375,0.001,owner_state/results/collect-20260915T094023087152Z/085-measured-28-cse_dce-ssz.log,6268869048035fec072dfbf90b732d912769adf1da852e4cca7552eeb98d0bb0
cse_dce/direct,cse_dce,direct,measured,28,2,86,6.242033,148.829,511.712,7.098877458,7498510,7492965,23,5954835,1543542,182455228,834752,41413197824,41431480056,0.408411166,0.577029583,1.739686125,1.899939625,0.421152541,1.086462334,0.109351626,5.147240625,5.256592251,408.411166,577.029583,0.004541,1739.686125,1899.939625,421.152541,0.018208,2.354542,1086.462334,0.004584,6135.087833,0.024584,106.945167,0.001,owner_state/results/collect-20260915T094023087152Z/086-measured-28-cse_dce-direct.log,1d6380fe7aadfbb475e25003d681720b02991e330f7ad79b6ea4533665d61164
cse_dce/rlp,cse_dce,rlp,measured,28,3,87,7.072274,297.64,1008.755,8.664883541,8462089,8456073,24,6722637,1739319,207621052,835712,44140183552,44159876824,0.740491958,0.749715375,1.854723625,2.088623125,0.439383708,1.090947416,0.108388793,5.473677874,5.582066667,740.491958,749.715375,0.004709,1854.723625,2088.623125,439.383708,0.02225,2.341583,1090.947416,0.005042,6966.281083,0.022292,105.992917,0.001,owner_state/results/collect-20260915T094023087152Z/087-measured-28-cse_dce-rlp.log,a81771869fcda13c664e5f2a8a9b5b1e217ced49cdd786620f33b2b052281f4e
cse_dce/direct,cse_dce,direct,measured,29,1,88,6.176529,147.054,513.061,7.020889333,7498510,7492965,23,5954835,1543542,182455228,834752,41412526080,41430808312,0.406120334,0.605140083,1.769022167,1.882244416,0.403731625,1.008146208,0.102124167,5.063144416,5.165268583,406.120334,605.140083,0.004125,1769.022167,1882.244416,403.731625,0.017625,2.02525,1008.146208,0.00525,6076.477333,0.02025,100.051667,0.001,owner_state/results/collect-20260915T094023087152Z/088-measured-29-cse_dce-direct.log,240a6d0c620b6ada403ae590b7ccb8f66b6c91119afdb00e6e023529580f20b0
cse_dce/ssz,cse_dce,ssz,measured,29,2,89,6.860736,307.058,1008.828,8.48561275,8482697,8476896,24,6592617,1889947,207621052,836384,44083363840,44103057088,0.729636125,0.688953958,1.733535208,2.082732,0.402413166,1.112518791,0.110946752,5.331199165,5.442145917,729.636125,688.953958,0.00425,1733.535208,2082.732,402.413166,0.017792,2.202417,1112.518791,0.005917,6752.044625,0.025001,108.691375,0.001,owner_state/results/collect-20260915T094023087152Z/089-measured-29-cse_dce-ssz.log,4405eaa59226d30421294e2e3e647eb1930827520fc90da3c1c84451f1eb4aa6
cse_dce/rlp,cse_dce,rlp,measured,29,3,90,6.795921,289.463,1012.146,8.377223958,8462089,8456073,24,6722637,1739319,207621052,835712,44143493120,44163120760,0.719125875,0.699837917,1.753482417,2.057250417,0.422035834,1.048077959,0.096110581,5.280846627,5.376957208,719.125875,699.837917,0.004167,1753.482417,2057.250417,422.035834,0.023125,2.116542,1048.077959,0.003959,6701.978208,0.019996,93.942792,0.001,owner_state/results/collect-20260915T094023087152Z/090-measured-29-cse_dce-rlp.log,d30ee2899b4a216d8d4457081dfd1cccc8dd9c9e083c1ef92b53f29e895e1b71
cse_dce/rlp,cse_dce,rlp,measured,30,1,91,6.799942,292.863,998.456,8.37704575,8462089,8456073,24,6722637,1739319,207621052,835712,44136644608,44156337880,0.748857125,0.701857292,1.730703458,2.036468583,0.406374,1.081768583,0.093912959,5.255314624,5.349227583,748.857125,701.857292,0.004375,1730.703458,2036.468583,406.374,0.016084,2.304584,1081.768583,0.0045,6708.384584,0.026,91.557416,0.001,owner_state/results/collect-20260915T094023087152Z/091-measured-30-cse_dce-rlp.log,102caa3f14c3468f0aa878ec7209421bf539cf7acc73a220d0556ff4c293bd8e
cse_dce/direct,cse_dce,direct,measured,30,2,92,6.15911,146.65,513.934,7.001036333,7498510,7492965,23,5954835,1543542,182455228,834752,41411100672,41429350088,0.397396375,0.568554291,1.767474167,1.915004708,0.402452958,1.011471083,0.096756418,5.096402916,5.193159334,397.396375,568.554291,0.003958,1767.474167,1915.004708,402.452958,0.01675,2.208625,1011.471083,0.004291,6064.611667,0.024461,94.498333,0.001,owner_state/results/collect-20260915T094023087152Z/092-measured-30-cse_dce-direct.log,e509f6747a79b82821eefe01b7103b400f86c43cd714074b3ef5e562cb0e1329
cse_dce/ssz,cse_dce,ssz,measured,30,3,93,6.766244,293.371,1019.124,8.354162417,8482697,8476896,24,6592617,1889947,207621052,836384,44080840704,44100566768,0.70348825,0.714675542,1.74668825,2.055717084,0.382908917,1.067819,0.094946957,5.253133251,5.348080208,703.48825,714.675542,0.004,1746.68825,2055.717084,382.908917,0.020958,2.688583,1067.819,0.006833,6674.039083,0.021666,92.204917,0.001,owner_state/results/collect-20260915T094023087152Z/093-measured-30-cse_dce-ssz.log,4d5cd6cc0c3f97c145eb435d08e13f5972cc7db687826beb907fa26ab2c7305f
cse_dce/ssz,cse_dce,ssz,measured,31,1,94,6.709454,293.629,1014.226,8.285761625,8482697,8476896,24,6592617,1889947,207621052,836384,44085837824,44105547480,0.70900375,0.704401375,1.743876,2.038728375,0.391938209,1.02589925,0.095607041,5.200441834,5.296048875,709.00375,704.401375,0.004083,1743.876,2038.728375,391.938209,0.025208,2.085833,1025.89925,0.005875,6615.9895,0.021542,93.4645,0.001,owner_state/results/collect-20260915T094023087152Z/094-measured-31-cse_dce-ssz.log,b4bddae491d6f0787280592389029a656821a637220452ad362db0421ccfa69b
cse_dce/direct,cse_dce,direct,measured,31,2,95,6.152953,147.439,512.185,6.99556725,7498510,7492965,23,5954835,1543542,182455228,834752,41616179200,41634527064,0.407065084,0.572888292,1.729596291,1.900982375,0.418726875,1.0201745,0.103519583,5.069480041,5.172999624,407.065084,572.888292,0.003583,1729.596291,1900.982375,418.726875,0.017708,2.09275,1020.1745,0.004042,6051.571875,0.020375,101.381125,0.001,owner_state/results/collect-20260915T094023087152Z/095-measured-31-cse_dce-direct.log,aca616347a5374943c05c9a3f0e7ba05e871ba87e1731a74ca131e64b3a59a23
cse_dce/rlp,cse_dce,rlp,measured,31,3,96,6.801714,293.05,1005.93,8.383840083,8462089,8456073,24,6722637,1739319,207621052,835712,44139495424,44159188696,0.7064005,0.707857167,1.758440375,2.04336725,0.415078916,1.07440775,0.096162042,5.291294291,5.387456333,706.4005,707.857167,0.004125,1758.440375,2043.36725,415.078916,0.018125,2.266584,1074.40775,0.0045,6707.870166,0.024874,93.843834,0.001,owner_state/results/collect-20260915T094023087152Z/096-measured-31-cse_dce-rlp.log,c3a8ada2b6e52a63538d48a73a2b929d4742798c65a4dbd38b97d5fe280f8d44
cse_dce/direct,cse_dce,direct,measured,32,1,97,6.357984,149.995,511.212,7.206647375,7498510,7492965,23,5954835,1543542,182455228,834752,41414393856,41432692496,0.4120475,0.564852125,1.840050875,1.945378959,0.422267792,1.065443375,0.107943374,5.273141001,5.381084375,412.0475,564.852125,0.004209,1840.050875,1945.378959,422.267792,0.018542,2.086167,1065.443375,0.0045,6252.173583,0.019539,105.810417,0.001,owner_state/results/collect-20260915T094023087152Z/097-measured-32-cse_dce-direct.log,8979421ba506e2962d66d9c8cc10df0ceaed614047be97ac377b3c756e8b2277
cse_dce/ssz,cse_dce,ssz,measured,32,2,98,6.799878,291.92,1010.33,8.377878084,8482697,8476896,24,6592617,1889947,207621052,836384,44083003392,44102729456,0.713180708,0.704063375,1.7364035,2.038847916,0.419524041,1.09326825,0.09459021,5.288043707,5.382633917,713.180708,704.063375,0.004459,1736.4035,2038.847916,419.524041,0.014042,2.120459,1093.26825,0.004875,6707.452208,0.020583,92.425792,0.001,owner_state/results/collect-20260915T094023087152Z/098-measured-32-cse_dce-ssz.log,304393aede7c5bb90a56631ef3d592f649fbf7b63067b2af2b1e2f1ddc632c19
cse_dce/rlp,cse_dce,rlp,measured,32,3,99,6.735959,289.25,1002.586,8.296492166,8462089,8456073,24,6722637,1739319,207621052,835712,44139593728,44159188552,0.69916025,0.68299525,1.74446225,2.04838775,0.430867417,1.036148375,0.093937708,5.259865792,5.3538035,699.16025,682.99525,0.004666,1744.46225,2048.38775,430.867417,0.024375,2.292041,1036.148375,0.0045,6644.369,0.022126,91.59,0.001,owner_state/results/collect-20260915T094023087152Z/099-measured-32-cse_dce-rlp.log,7c2671c72f83f62a8df8ff61471e0a60eefc394322f2199bea8346c7070f2c05
cse_dce/direct,cse_dce,direct,measured,33,1,100,6.167814,147.403,506.109,7.010086583,7498510,7492965,23,5954835,1543542,182455228,834752,41415163904,41433462544,0.40308475,0.564056959,1.70995325,1.9059455,0.416534833,1.06416475,0.104073958,5.096598333,5.200672291,403.08475,564.056959,0.004084,1709.95325,1905.9455,416.534833,0.017959,2.036,1064.16475,0.00325,6065.822083,0.020748,101.991917,0.001,owner_state/results/collect-20260915T094023087152Z/100-measured-33-cse_dce-direct.log,4dd2612ef64ce6f4558a1016d2f155b696f9e250e6a4fc6cd5b62354d7569344
cse_dce/rlp,cse_dce,rlp,measured,33,2,101,6.784753,298.337,1006.589,8.377663084,8462089,8456073,24,6722637,1739319,207621052,835712,44139315200,44159008472,0.701763375,0.685280916,1.750819583,2.028900333,0.421792875,1.09589875,0.100297168,5.297411541,5.397708709,701.763375,685.280916,0.004542,1750.819583,2028.900333,421.792875,0.017125,2.058583,1095.89875,0.003958,6686.579542,0.039502,98.173458,0.001,owner_state/results/collect-20260915T094023087152Z/101-measured-33-cse_dce-rlp.log,2219732db735af5249446c8109686ad0b0b4c2602245850fd174dd212a48c725
cse_dce/ssz,cse_dce,ssz,measured,33,3,102,6.760564,287.087,1010.89,8.342857958,8482697,8476896,24,6592617,1889947,207621052,836384,43947032576,43966643808,0.695741916,0.68469875,1.718311166,2.069316833,0.412838958,1.0858395,0.093816877,5.286306457,5.380123334,695.741916,684.69875,0.00575,1718.311166,2069.316833,412.838958,0.015708,2.2835,1085.8395,0.004791,6669.082333,0.025461,91.481667,0.001,owner_state/results/collect-20260915T094023087152Z/102-measured-33-cse_dce-ssz.log,15110a8092ff8c0e6ab012768b7ef72192f95eae6987e22bc3268f155018dfe0
cse_dce/rlp,cse_dce,rlp,measured,34,1,103,6.798973,294.635,1001.943,8.382249375,8462089,8456073,24,6722637,1739319,207621052,835712,44140756992,44160351816,0.719345042,0.696230125,1.744482083,2.061311958,0.404455542,1.077854291,0.095293959,5.288103874,5.383397833,719.345042,696.230125,0.004666,1744.482083,2061.311958,404.455542,0.013833,2.136416,1077.854291,0.0055,6705.860125,0.020669,93.112875,0.001,owner_state/results/collect-20260915T094023087152Z/103-measured-34-cse_dce-rlp.log,dc777f06c969025866d9e51f88bc28f325a27875286ef56316a1ec93178415c5
cse_dce/direct,cse_dce,direct,measured,34,2,104,6.129747,148.481,507.247,6.981091833,7498510,7492965,23,5954835,1543542,182455228,834752,41417555968,41435871016,0.412762667,0.561177542,1.73250925,1.895134792,0.404443792,1.014146208,0.109572749,5.046234042,5.155806791,412.762667,561.177542,0.004292,1732.50925,1895.134792,404.443792,0.019917,2.0465,1014.146208,0.003583,6022.268833,0.02029,107.478167,0.001,owner_state/results/collect-20260915T094023087152Z/104-measured-34-cse_dce-direct.log,f387b7420930b9a8a10d826f01de03d13c3de68cd7ddad3e868a98c8167e648c
cse_dce/ssz,cse_dce,ssz,measured,34,3,105,6.803803,290.303,1006.485,8.369155541,8482697,8476896,24,6592617,1889947,207621052,836384,44082708480,44102418136,0.722963667,0.701688458,1.803369375,2.0648675,0.406750334,1.010274416,0.09388925,5.285261625,5.379150875,722.963667,701.688458,0.004583,1803.369375,2064.8675,406.750334,0.017125,2.023708,1010.274416,0.004084,6711.989084,0.025834,91.813916,0.001,owner_state/results/collect-20260915T094023087152Z/105-measured-34-cse_dce-ssz.log,4a420b2e4b1696d30f0b3c5b0fa7bee1ad0694439409ac96ed4861a02e0f5a4e
cse_dce/rlp,cse_dce,rlp,measured,35,1,106,6.702371,286.981,1006.26,8.267383416,8462089,8456073,24,6722637,1739319,207621052,835712,44142313472,44161990336,0.712519916,0.684358375,1.769917375,2.039058917,0.4006625,1.004476417,0.0913775,5.214115209,5.305492709,712.519916,684.358375,0.004209,1769.917375,2039.058917,400.6625,0.021708,2.195791,1004.476417,0.005208,6613.243292,0.022876,89.127708,0.001,owner_state/results/collect-20260915T094023087152Z/106-measured-35-cse_dce-rlp.log,4595c9c81586b24e3cf0974c708c68db419a185a35c625c7078e9f503cc460ba
cse_dce/ssz,cse_dce,ssz,measured,35,2,107,6.729433,289.07,998.868,8.288675208,8482697,8476896,24,6592617,1889947,207621052,836384,44083134464,44102860528,0.702171917,0.69519575,1.746454958,2.059229125,0.400086917,1.03187975,0.094414583,5.23765075,5.332065333,702.171917,695.19575,0.004208,1746.454958,2059.229125,400.086917,0.014667,2.22825,1031.87975,0.004666,6637.291208,0.021,92.141792,0.001,owner_state/results/collect-20260915T094023087152Z/107-measured-35-cse_dce-ssz.log,fade7418bad218c6110e76f413d1bb6b5542adeb365d578c479935943c14fab3
cse_dce/direct,cse_dce,direct,measured,35,3,108,6.16851,154.539,506.744,7.019934834,7498510,7492965,23,5954835,1543542,182455228,834752,41404121088,41422452544,0.394777,0.576934125,1.716811166,1.918752333,0.395271666,1.064055209,0.101908501,5.094890374,5.196798875,394.777,576.934125,0.004125,1716.811166,1918.752333,395.271666,0.0155,2.258708,1064.055209,0.004042,6068.903584,0.01971,99.606416,0.001,owner_state/results/collect-20260915T094023087152Z/108-measured-35-cse_dce-direct.log,672e7177672388fd342eda3c2775b3bba029528e6fc927dd367ff5e65e99e3f6
cse_dce/ssz,cse_dce,ssz,measured,36,1,109,6.736352,288.114,1015.359,8.311024041,8482697,8476896,24,6592617,1889947,207621052,836384,44083642368,44103352024,0.71827275,0.686221,1.734964,2.02362775,0.427279875,1.051202291,0.094784334,5.237073916,5.33185825,718.27275,686.221,0.004,1734.964,2023.62775,427.279875,0.018666,2.128375,1051.202291,0.005875,6643.748042,0.02346,92.603958,0.001,owner_state/results/collect-20260915T094023087152Z/109-measured-36-cse_dce-ssz.log,e89f4a1acd6c8b9238dd26e40ab0be7344db998aa0fbccc4f13c36662e1fd642
cse_dce/rlp,cse_dce,rlp,measured,36,2,110,6.811397,299.347,1013.018,8.425250834,8462089,8456073,24,6722637,1739319,207621052,835712,44139577344,44159237800,0.690087375,0.675144833,1.735514333,2.069599375,0.41182025,1.127192125,0.102038709,5.344126083,5.446164792,690.087375,675.144833,0.00425,1735.514333,2069.599375,411.82025,0.018041,2.219708,1127.192125,0.003666,6711.627208,0.023252,99.769792,0.001,owner_state/results/collect-20260915T094023087152Z/110-measured-36-cse_dce-rlp.log,0643706c9027752f8b0891ad6a46c82a272d82ef6939198929672fb5da8df4bd
cse_dce/direct,cse_dce,direct,measured,36,3,111,6.265031,147.687,517.912,7.122392917,7498510,7492965,23,5954835,1543542,182455228,834752,41417359360,41435608776,0.429717417,0.584941666,1.75048525,1.92147125,0.400982834,1.072708291,0.104724292,5.145647625,5.250371917,429.717417,584.941666,0.00425,1750.48525,1921.47125,400.982834,0.020542,2.263541,1072.708291,0.004042,6162.621542,0.022459,102.409458,0.001,owner_state/results/collect-20260915T094023087152Z/111-measured-36-cse_dce-direct.log,0bbd5e79e89a2be63e1374177a4a8d1802603a6bbb823c086913613903fc4a43
cse_dce/rlp,cse_dce,rlp,measured,37,1,112,6.869689,295.797,1020.656,8.459448625,8462089,8456073,24,6722637,1739319,207621052,835712,44142821376,44162514648,0.725449917,0.681593625,1.897715792,2.074114334,0.39311675,1.005507208,0.092191374,5.370454084,5.462645458,725.449917,681.593625,0.004208,1897.715792,2074.114334,393.11675,0.019792,2.076,1005.507208,0.00625,6779.624375,0.020499,90.064625,0.001,owner_state/results/collect-20260915T094023087152Z/112-measured-37-cse_dce-rlp.log,c0006bdba24076149eff38c11a398c83dd8afba87a29ff4cf85d2c3174755737
cse_dce/ssz,cse_dce,ssz,measured,37,2,113,6.77426,289.983,1009.436,8.356717625,8482697,8476896,24,6592617,1889947,207621052,836384,44085755904,44105465560,0.708115916,0.678696167,1.751323917,2.03707,0.434276416,1.062581125,0.102196459,5.285251458,5.387447917,708.115916,678.696167,0.004042,1751.323917,2037.07,434.276416,0.018292,2.378125,1062.581125,0.005583,6674.491667,0.022084,99.768333,0.001,owner_state/results/collect-20260915T094023087152Z/113-measured-37-cse_dce-ssz.log,71bd9ef0a5dfafd1c523f129cf8c8779056280c2550c9d8ecd2c90b3c318f27f
cse_dce/direct,cse_dce,direct,measured,37,3,114,6.392953,157.322,513.978,7.26161125,7498510,7492965,23,5954835,1543542,182455228,834752,41292627968,41310959424,0.411366041,0.601684458,1.825238125,1.962854458,0.419458541,1.061487583,0.110863794,5.269038707,5.379902501,411.366041,601.684458,0.004375,1825.238125,1962.854458,419.458541,0.020417,2.13675,1061.487583,0.005,6284.272375,0.016627,108.680625,0.001,owner_state/results/collect-20260915T094023087152Z/114-measured-37-cse_dce-direct.log,956eddbc5d5cc5bb1fc35731682b0b137e3afcf3aa2be0aba99818c224a5f915
cse_dce/ssz,cse_dce,ssz,measured,38,1,115,7.010395,298.017,1024.968,8.633935917,8482697,8476896,24,6592617,1889947,207621052,836384,44080873472,44100599536,0.796594542,0.701479125,1.789324,2.085217042,0.418562625,1.11739875,0.101818916,5.410502417,5.512321333,796.594542,701.479125,0.004625,1789.324,2085.217042,418.562625,0.018209,2.243167,1117.39875,0.006542,6910.874875,0.026248,99.520125,0.001,owner_state/results/collect-20260915T094023087152Z/115-measured-38-cse_dce-ssz.log,b6cc0979354d1a699cf0a0986ce5f58ad018a49fa9a40e7776b2e17bf3d9e7e8
cse_dce/rlp,cse_dce,rlp,measured,38,2,116,7.020137,301.692,1030.445,8.656599375,8462089,8456073,24,6722637,1739319,207621052,835712,44141051904,44160745176,0.785119833,0.70961225,1.79011125,2.06473375,0.438567458,1.128176334,0.103816125,5.421588792,5.525404917,785.119833,709.61225,0.004542,1790.11125,2064.73375,438.567458,0.01675,2.65075,1128.176334,0.009125,6919.025625,0.023583,101.111375,0.001,owner_state/results/collect-20260915T094023087152Z/116-measured-38-cse_dce-rlp.log,8203600648220f570384574af354571a210e1dd1fc452c2f578673ab42d07c65
cse_dce/direct,cse_dce,direct,measured,38,3,117,6.387792,152.252,520.73,7.26377175,7498510,7492965,23,5954835,1543542,182455228,834752,41413394432,41431676664,0.430544333,0.581708209,1.78447875,1.946667292,0.420926917,1.111491833,0.111974666,5.263564792,5.375539458,430.544333,581.708209,0.004334,1784.47875,1946.667292,420.926917,0.018542,2.098542,1111.491833,0.004541,6277.963833,0.02054,109.828167,0.001,owner_state/results/collect-20260915T094023087152Z/117-measured-38-cse_dce-direct.log,5f8c726f9afc705905f7855d8c3a21acf5e9ed92b777b3e0c958e9df9499372b
cse_dce/direct,cse_dce,direct,measured,39,1,118,6.296433,149.87,516.311,7.160500375,7498510,7492965,23,5954835,1543542,182455228,834752,41413492736,41431807784,0.431572042,0.580136667,1.76436675,1.915933791,0.4253685,1.066591042,0.112464208,5.172260083,5.284724291,431.572042,580.136667,0.00425,1764.36675,1915.933791,425.3685,0.019916,2.324417,1066.591042,0.005333,6186.344833,0.022125,110.088167,0.001,owner_state/results/collect-20260915T094023087152Z/118-measured-39-cse_dce-direct.log,3cf5040f633b6ad18ad78a57d99feae44b6d3bce6940f8760361be010a534e52
cse_dce/ssz,cse_dce,ssz,measured,39,2,119,7.059476,303.102,1027.276,8.687723625,8482697,8476896,24,6592617,1889947,207621052,836384,44082528256,44102237912,0.795979208,0.716616417,1.801558125,2.083286542,0.440215084,1.119149167,0.102671457,5.444208918,5.546880375,795.979208,716.616417,0.004541,1801.558125,2083.286542,440.215084,0.017542,2.263125,1119.149167,0.007,6959.120042,0.023291,100.355958,0.001,owner_state/results/collect-20260915T094023087152Z/119-measured-39-cse_dce-ssz.log,2fa367bef21b395ae0bd4c29fbe6287245a6e153be98cb8220cea7fe34ce785b
cse_dce/rlp,cse_dce,rlp,measured,39,3,120,6.986707,300.821,1029.533,8.611043625,8462089,8456073,24,6722637,1739319,207621052,835712,44146065408,44165742272,0.789486125,0.702610792,1.784866792,2.094977583,0.431325875,1.078595666,0.104844167,5.389765916,5.494610083,789.486125,702.610792,0.005166,1784.866792,2094.977583,431.325875,0.01975,2.416,1078.595666,0.008042,6884.337333,0.025542,102.369667,0.001,owner_state/results/collect-20260915T094023087152Z/120-measured-39-cse_dce-rlp.log,40833c13d6562fc055487ee236b200b2c01259dc7bcac588144e59f8ceabc583
cse_dce/rlp,cse_dce,rlp,measured,40,1,121,6.998453,302.572,1028.297,8.63382825,8462089,8456073,24,6722637,1739319,207621052,835712,44139577344,44159270616,0.7859275,0.710011,1.789280583,2.071961333,0.421204,1.113914667,0.106153917,5.396360583,5.5025145,785.9275,710.011,0.00575,1789.280583,2071.961333,421.204,0.031333,2.400416,1113.914667,0.0045,6894.762875,0.021793,103.690125,0.001,owner_state/results/collect-20260915T094023087152Z/121-measured-40-cse_dce-rlp.log,b380332d287ce8c6fb1bbe4f81f164794ef58abaf6ec139fb62e24c7fd032f4a
cse_dce/direct,cse_dce,direct,measured,40,2,122,6.384074,151.992,511.511,7.249711834,7498510,7492965,23,5954835,1543542,182455228,834752,41415983104,41434298152,0.431797583,0.582243583,1.816142,1.94036575,0.43013325,1.07181675,0.111575084,5.25845775,5.370032834,431.797583,582.243583,0.004417,1816.142,1940.36575,430.13325,0.023333,2.192458,1071.81675,0.005542,6274.750333,0.025667,109.323667,0.001,owner_state/results/collect-20260915T094023087152Z/122-measured-40-cse_dce-direct.log,1406039d00b728950d85fac16ab71ce086a4328d377a6964ef398dec714089f3
cse_dce/ssz,cse_dce,ssz,measured,40,3,123,7.000763,298.68,1026.761,8.624909666,8482697,8476896,24,6592617,1889947,207621052,836384,44085329920,44105023168,0.797144959,0.704693125,1.793068792,2.063497459,0.42128375,1.116249708,0.104825207,5.394099709,5.498924916,797.144959,704.693125,0.004833,1793.068792,2063.497459,421.28375,0.023125,2.283667,1116.249708,0.005916,6898.28,0.024666,102.483,0.001,owner_state/results/collect-20260915T094023087152Z/123-measured-40-cse_dce-ssz.log,4c11c980502d29c948686d65858336ffa94f49421b8d8c1e928900e419f30801
cse_dce/ssz,cse_dce,ssz,measured,41,1,124,7.093051,298.719,1027.319,8.716954917,8482697,8476896,24,6592617,1889947,207621052,836384,44081446912,44101140160,0.793431166,0.701992792,1.797181042,2.097395375,0.477716542,1.121943334,0.103390749,5.494236293,5.597627042,793.431166,701.992792,0.003917,1797.181042,2097.395375,477.716542,0.015542,2.187083,1121.943334,0.00625,6991.897417,0.024374,101.153583,0.001,owner_state/results/collect-20260915T094023087152Z/124-measured-41-cse_dce-ssz.log,c1f490c97b9bec5132a015c3b7f80ebcd5bef2f7b4754ecfffa8129c5af910fd
cse_dce/direct,cse_dce,direct,measured,41,2,125,6.428095,150.523,521.714,7.299473833,7498510,7492965,23,5954835,1543542,182455228,834752,41413558272,41431840504,0.430445708,0.580962041,1.816089166,1.933807667,0.428808875,1.126701292,0.111280251,5.305407,5.416687251,430.445708,580.962041,0.0045,1816.089166,1933.807667,428.808875,0.016917,2.267209,1126.701292,0.004416,6319.129333,0.021542,108.965667,0.001,owner_state/results/collect-20260915T094023087152Z/125-measured-41-cse_dce-direct.log,32c7460a655a43152cb03d69a9f7e0a55d716efb5ccbc4161c17df876f155f14
cse_dce/rlp,cse_dce,rlp,measured,41,3,126,7.05349,302.951,1033.017,8.685726917,8462089,8456073,24,6722637,1739319,207621052,835712,44237078528,44256837432,0.779610208,0.708976458,1.80892075,2.066994667,0.431243958,1.152069459,0.1056745,5.459228834,5.564903334,779.610208,708.976458,0.00425,1808.92075,2066.994667,431.243958,0.020708,2.161667,1152.069459,0.004166,6950.028167,0.021876,103.461833,0.001,owner_state/results/collect-20260915T094023087152Z/126-measured-41-cse_dce-rlp.log,c892104f5019437a0fe6aab05ae477470cb305007136c804f85415632c632523
cse_dce/direct,cse_dce,direct,measured,42,1,127,6.418149,152.489,521.922,7.292555209,7498510,7492965,23,5954835,1543542,182455228,834752,41413672960,41431955192,0.443047458,0.580384833,1.787454208,1.937903416,0.427786792,1.128500833,0.11307146,5.281645249,5.394716709,443.047458,580.384833,0.004666,1787.454208,1937.903416,427.786792,0.022458,2.2185,1128.500833,0.004333,6307.355083,0.027586,110.793917,0.001,owner_state/results/collect-20260915T094023087152Z/127-measured-42-cse_dce-direct.log,0d0a7cd7847ec56c7f08308c830fcb35ddb556ac9b1627db1bcd970eb754a21e
cse_dce/rlp,cse_dce,rlp,measured,42,2,128,7.051215,301.271,1028.207,8.684710875,8462089,8456073,24,6722637,1739319,207621052,835712,44137840640,44157517504,0.804174125,0.703540166,1.797434875,2.084665875,0.428350459,1.129675541,0.103373959,5.44012675,5.543500709,804.174125,703.540166,0.005042,1797.434875,2084.665875,428.350459,0.017792,2.169291,1129.675541,0.003959,6950.062,0.024875,101.153,0.001,owner_state/results/collect-20260915T094023087152Z/128-measured-42-cse_dce-rlp.log,c35948210fca1b27e793847f79485283071b15f685b6e31788e403b1e9e3d5ef
cse_dce/ssz,cse_dce,ssz,measured,42,3,129,7.048836,304.732,1030.425,8.686815916,8482697,8476896,24,6592617,1889947,207621052,836384,44085919744,44105596584,0.805140708,0.701382334,1.794199375,2.085839458,0.42580125,1.130748833,0.105724042,5.436588916,5.542312958,805.140708,701.382334,0.005542,1794.199375,2085.839458,425.80125,0.018292,2.276833,1130.748833,0.004208,6945.43975,0.022917,103.39625,0.001,owner_state/results/collect-20260915T094023087152Z/129-measured-42-cse_dce-ssz.log,272d064d89cd5bd3e8da724c72f61ed23132c347c3f93943642c4df81bee205c
cse_dce/ssz,cse_dce,ssz,measured,43,1,130,7.048887,301.225,1025.57,8.672882541,8482697,8476896,24,6592617,1889947,207621052,836384,44085084160,44104826632,0.798402334,0.704749333,1.824999709,2.080642667,0.418662792,1.116331875,0.10509829,5.440637043,5.545735333,798.402334,704.749333,0.004542,1824.999709,2080.642667,418.662792,0.02075,2.197542,1116.331875,0.003709,6946.04175,0.026497,102.84525,0.001,owner_state/results/collect-20260915T094023087152Z/130-measured-43-cse_dce-ssz.log,42e6ea1b5b9400a44b0fab958ede25a9b8601f818e5b0fdd873dbc2d22e8dc91
cse_dce/direct,cse_dce,direct,measured,43,2,131,6.392534,152.843,521.833,7.263987958,7498510,7492965,23,5954835,1543542,182455228,834752,41410707456,41428989688,0.432077333,0.580836792,1.800962625,1.9266535,0.428078959,1.107840167,0.116084624,5.263535251,5.379619875,432.077333,580.836792,0.004666,1800.962625,1926.6535,428.078959,0.017,2.16575,1107.840167,0.00425,6278.667167,0.026125,113.866833,0.001,owner_state/results/collect-20260915T094023087152Z/131-measured-43-cse_dce-direct.log,a073aaf3986bc10bcf08d9262539e60c3c06ee82f62c5622eed7313729e9bbd9
cse_dce/rlp,cse_dce,rlp,measured,43,3,132,7.047763,299.415,1026.65,8.670540125,8462089,8456073,24,6722637,1739319,207621052,835712,44234326016,44253970064,0.782353458,0.712518542,1.82137,2.089082,0.426517917,1.112471167,0.103449916,5.449441084,5.552891,782.353458,712.518542,0.0045,1821.37,2089.082,426.517917,0.020917,2.178791,1112.471167,0.004208,6946.547334,0.025834,101.215666,0.001,owner_state/results/collect-20260915T094023087152Z/132-measured-43-cse_dce-rlp.log,cf62c56a5bc9a44743e6614485cf5d6c3a41efb1e0db8bfcb44b4d6edaf8ef0c
cse_dce/ssz,cse_dce,ssz,measured,44,1,133,6.995458,297.167,1026.943,8.61864275,8482697,8476896,24,6592617,1889947,207621052,836384,44081790976,44101517040,0.7999275,0.703341042,1.77996825,2.081015625,0.42467225,1.100862834,0.105670499,5.386518959,5.492189458,799.9275,703.341042,0.004375,1779.96825,2081.015625,424.67225,0.0195,2.19675,1100.862834,0.005417,6892.039375,0.025832,103.418625,0.001,owner_state/results/collect-20260915T094023087152Z/133-measured-44-cse_dce-ssz.log,8972bd8929e389099b6fe4a36cac7cfad630309539f970ec8e801705cf7919cd
cse_dce/rlp,cse_dce,rlp,measured,44,2,134,7.146129,299.629,1031.967,8.777051792,8462089,8456073,24,6722637,1739319,207621052,835712,44139266048,44158828056,0.796925666,0.708667875,1.885754791,2.114976208,0.420463833,1.11598625,0.103354377,5.537181082,5.640535459,796.925666,708.667875,0.004708,1885.754791,2114.976208,420.463833,0.018917,2.181958,1115.98625,0.012709,7045.017125,0.02421,101.111875,0.001,owner_state/results/collect-20260915T094023087152Z/134-measured-44-cse_dce-rlp.log,6a232bdee128e7b874b30555baa66e81a163ab1fd9a8b40516a0408ea9405c33
cse_dce/direct,cse_dce,direct,measured,44,3,135,6.416933,150.303,521.232,7.286228583,7498510,7492965,23,5954835,1543542,182455228,834752,41411248128,41429530360,0.440634083,0.583441333,1.77927275,1.9716735,0.428919042,1.101643584,0.111348708,5.281508876,5.392857584,440.634083,583.441333,0.004333,1779.27275,1971.6735,428.919042,0.016083,2.186666,1101.643584,0.004875,6307.82225,0.026001,109.11075,0.001,owner_state/results/collect-20260915T094023087152Z/135-measured-44-cse_dce-direct.log,a4aaacb3a8ac8bf448669f24ffdb66c6a42732961240cc636f5ccc883075877b
cse_dce/direct,cse_dce,direct,measured,45,1,136,6.385217,153.892,519.553,7.260971708,7498510,7492965,23,5954835,1543542,182455228,834752,41415720960,41433953968,0.4348165,0.577929084,1.782055375,1.937099666,0.433835875,1.1074995,0.111981,5.260490416,5.372471416,434.8165,577.929084,0.004375,1782.055375,1937.099666,433.835875,0.020875,2.459417,1107.4995,0.004,6275.745833,0.021166,109.471167,0.001,owner_state/results/collect-20260915T094023087152Z/136-measured-45-cse_dce-direct.log,b03a043970ca121651704ffa79ce01f2bfb55da3434d7e9477b7a720066b5def
cse_dce/rlp,cse_dce,rlp,measured,45,2,137,6.989564,300.264,1029.891,8.62099975,8462089,8456073,24,6722637,1739319,207621052,835712,44142182400,44161760816,0.782290291,0.713759833,1.778867292,2.071904875,0.430465125,1.109628917,0.102647667,5.390866209,5.493513876,782.290291,713.759833,0.004375,1778.867292,2071.904875,430.465125,0.017292,2.331458,1109.628917,0.0095,6889.301375,0.022417,100.262625,0.001,owner_state/results/collect-20260915T094023087152Z/137-measured-45-cse_dce-rlp.log,2da8f7e088d8e80bfaf6485695b244cfb633c3b11390bf2832d73af216cfe158
cse_dce/ssz,cse_dce,ssz,measured,45,3,138,7.035118,302.287,1028.892,8.66563025,8482697,8476896,24,6592617,1889947,207621052,836384,44088786944,44108513008,0.805682958,0.703492,1.793468541,2.083490917,0.419337083,1.125405792,0.104240709,5.421702333,5.525943042,805.682958,703.492,0.004375,1793.468541,2083.490917,419.337083,0.021709,2.44175,1125.405792,0.006042,6933.380667,0.0295,101.737333,0.001,owner_state/results/collect-20260915T094023087152Z/138-measured-45-cse_dce-ssz.log,5083cbdc2d94d661a3f78d75877760fc26cf7b5695435c5eadc0863dadf107b8
cse_dce/rlp,cse_dce,rlp,measured,46,1,139,6.975089,298.83,1038.456,8.605410792,8462089,8456073,24,6722637,1739319,207621052,835712,44142149632,44161744456,0.795020125,0.699706458,1.795999875,2.084626792,0.423848708,1.071655459,0.104231583,5.376130834,5.480362417,795.020125,699.706458,0.004333,1795.999875,2084.626792,423.848708,0.016667,2.125583,1071.655459,0.005542,6873.032625,0.023083,102.056375,0.001,owner_state/results/collect-20260915T094023087152Z/139-measured-46-cse_dce-rlp.log,5d4ed2a2f39ddd058b252db31832fdbdac3aaa5ef424476964525fcd5a3bf5a0
cse_dce/direct,cse_dce,direct,measured,46,2,140,6.393895,152.218,521.912,7.266285125,7498510,7492965,23,5954835,1543542,182455228,834752,41414967296,41433216712,0.4422985,0.583220709,1.783292708,1.941322917,0.431532666,1.099994625,0.112232875,5.256142916,5.368375791,442.2985,583.220709,0.004375,1783.292708,1941.322917,431.532666,0.024292,2.156,1099.994625,0.0045,6283.873709,0.022417,110.021291,0.001,owner_state/results/collect-20260915T094023087152Z/140-measured-46-cse_dce-direct.log,31dfa95fddabf133a476f41991ee5bc8de49a0114a1a5be2a6b3f206e21edffa
cse_dce/ssz,cse_dce,ssz,measured,46,3,141,7.041559,298.914,1027.391,8.662140084,8482697,8476896,24,6592617,1889947,207621052,836384,44083937280,44103663344,0.799759709,0.727318333,1.780385,2.101922917,0.416606584,1.111587875,0.103978582,5.410502376,5.514480958,799.759709,727.318333,0.004375,1780.385,2101.922917,416.606584,0.019,2.156375,1111.587875,0.004792,6939.787041,0.022081,101.771959,0.001,owner_state/results/collect-20260915T094023087152Z/141-measured-46-cse_dce-ssz.log,32e3edf65153594118a7c9b28b98c8787b2cdd675e9d646f91d4be8b23c5b221
cse_dce/rlp,cse_dce,rlp,measured,47,1,142,7.085558,304.094,1032.351,8.727999083,8462089,8456073,24,6722637,1739319,207621052,835712,44139921408,44159499824,0.800011459,0.713902208,1.819919417,2.07235525,0.423124584,1.149887833,0.106357249,5.465287084,5.571644333,800.011459,713.902208,0.005,1819.919417,2072.35525,423.124584,0.014875,1.983833,1149.887833,0.004209,6981.234541,0.025873,104.323459,0.001,owner_state/results/collect-20260915T094023087152Z/142-measured-47-cse_dce-rlp.log,a16bc69d870d955acc32637149634018f6bd58ea1a171fc974d991e374b42245
cse_dce/ssz,cse_dce,ssz,measured,47,2,143,7.084464,300.844,1027.051,8.712394959,8482697,8476896,24,6592617,1889947,207621052,836384,44084412416,44104122072,0.802371209,0.712348375,1.793709791,2.093570208,0.429188416,1.147225625,0.106050376,5.46369404,5.569744416,802.371209,712.348375,0.004458,1793.709791,2093.570208,429.188416,0.017709,2.229917,1147.225625,0.007125,6980.69625,0.023417,103.76775,0.001,owner_state/results/collect-20260915T094023087152Z/143-measured-47-cse_dce-ssz.log,0fb9ed4a27c0b6db201409859b4d5faef915efa0b1c64f6e2f1d3c8f3aa8a2fe
cse_dce/direct,cse_dce,direct,measured,47,3,144,6.348632,158.806,519.672,7.229130708,7498510,7492965,23,5954835,1543542,182455228,834752,41402466304,41420814168,0.418875166,0.581228042,1.813583667,1.944447709,0.405959666,1.08403,0.10050775,5.248021042,5.348528792,418.875166,581.228042,0.0045,1813.583667,1944.447709,405.959666,0.021083,2.085333,1084.03,0.0045,6250.263833,0.024167,98.368167,0.001,owner_state/results/collect-20260915T094023087152Z/144-measured-47-cse_dce-direct.log,812dec46258220c13012124776b45d4030c608d90a936cac058e5b3ea9505b77
cse_dce/direct,cse_dce,direct,measured,48,1,145,6.419755,150.637,521.565,7.292238209,7498510,7492965,23,5954835,1543542,182455228,834752,41423618048,41441916688,0.435526042,0.578375833,1.812692125,1.947662792,0.423264875,1.11168575,0.110547583,5.295305542,5.405853125,435.526042,578.375833,0.004208,1812.692125,1947.662792,423.264875,0.0145,2.274209,1111.68575,0.007792,6311.531,0.022874,108.224,0.001,owner_state/results/collect-20260915T094023087152Z/145-measured-48-cse_dce-direct.log,834abac7b1eced479036b02c5479a590326fb7ee906f07f99fef9f12eb1e5217
cse_dce/ssz,cse_dce,ssz,measured,48,2,146,6.996657,301.149,1030.261,8.627548333,8482697,8476896,24,6592617,1889947,207621052,836384,44280741888,44300582808,0.7728105,0.690233208,1.811158792,2.076247292,0.413280583,1.130321708,0.102604917,5.431008375,5.533613292,772.8105,690.233208,0.004458,1811.158792,2076.247292,413.280583,0.019334,2.266125,1130.321708,0.003667,6896.364917,0.01925,100.292083,0.001,owner_state/results/collect-20260915T094023087152Z/146-measured-48-cse_dce-ssz.log,190bb9da2a0b56f4ee6de214ea2bbd0af0a843056db78d109a3850245dff0631
cse_dce/rlp,cse_dce,rlp,measured,48,3,147,6.990068,298.701,1023.758,8.619707125,8462089,8456073,24,6722637,1739319,207621052,835712,44212453376,44232163080,0.783851,0.70122725,1.781179833,2.077916958,0.421767375,1.121967375,0.102158209,5.402831541,5.50498975,783.851,701.22725,0.00425,1781.179833,2077.916958,421.767375,0.019709,2.127291,1121.967375,0.005334,6890.08775,0.021375,99.98025,0.001,owner_state/results/collect-20260915T094023087152Z/147-measured-48-cse_dce-rlp.log,042b08f8782387a2fd910f53634c4ad48cd58e2c053f891796f48111bf9ba1c9
cse_dce/rlp,cse_dce,rlp,measured,49,1,148,7.097725,299.722,1045.274,8.740063042,8462089,8456073,24,6722637,1739319,207621052,835712,44140478464,44160155328,0.780905375,0.697721125,1.888654042,2.107103792,0.412017709,1.106637291,0.104685666,5.514412834,5.6190985,780.905375,697.721125,0.004792,1888.654042,2107.103792,412.017709,0.015792,2.257,1106.637291,0.007125,6995.35325,0.029207,102.37175,0.001,owner_state/results/collect-20260915T094023087152Z/148-measured-49-cse_dce-rlp.log,af4627f5e6020ecbc7ac6b50a06c44e013fd861cd7f8d13013c545f1085f686a
cse_dce/direct,cse_dce,direct,measured,49,2,149,6.356073,152.47,520.402,7.228589125,7498510,7492965,23,5954835,1543542,182455228,834752,41410166784,41428449016,0.432848542,0.576447125,1.77937925,1.92363625,0.426617584,1.105662375,0.111481874,5.235295459,5.346777333,432.848542,576.447125,0.005,1779.37925,1923.63625,426.617584,0.014667,2.315666,1105.662375,0.004,6246.9535,0.023041,109.1195,0.001,owner_state/results/collect-20260915T094023087152Z/149-measured-49-cse_dce-direct.log,c1b0f32d97bee5c89bd9d0e7e52df619642c7b943d580b0a8d3d3d17b100e14f
cse_dce/ssz,cse_dce,ssz,measured,49,3,150,6.937885,298.461,1035.3,8.561303958,8482697,8476896,24,6592617,1889947,207621052,836384,44081872896,44101615368,0.792697041,0.698153625,1.785955125,2.070207416,0.419716625,1.068340166,0.102815002,5.344219332,5.447034334,792.697041,698.153625,0.004709,1785.955125,2070.207416,419.716625,0.020042,2.438916,1068.340166,0.005833,6837.566458,0.02696,100.318542,0.001,owner_state/results/collect-20260915T094023087152Z/150-measured-49-cse_dce-ssz.log,1abc52f144d76f61f1e2e14cfa592a02fbe6b0d34f4826bd35ad697310e65286
cse_dce/ssz,cse_dce,ssz,measured,50,1,151,7.038675,303.311,1012.522,8.65119375,8482697,8476896,24,6592617,1889947,207621052,836384,44083986432,44103728904,0.785363292,0.712166459,1.805574875,2.094831916,0.417761667,1.116799875,0.106176916,5.434968333,5.541145249,785.363292,712.166459,0.004709,1805.574875,2094.831916,417.761667,0.019584,2.267917,1116.799875,0.005459,6934.818958,0.023205,103.856042,0.001,owner_state/results/collect-20260915T094023087152Z/151-measured-50-cse_dce-ssz.log,a80b72bc0444a46a87e25261dafa929278d6a605f451682c2b3c2978e2838fce
cse_dce/rlp,cse_dce,rlp,measured,50,2,152,7.027239,299.519,1031.299,8.65930375,8462089,8456073,24,6722637,1739319,207621052,835712,44137758720,44157468400,0.7831095,0.702844583,1.810058375,2.066400792,0.442661625,1.117891166,0.104272959,5.437011958,5.541284917,783.1095,702.844583,0.0045,1810.058375,2066.400792,442.661625,0.017042,2.221667,1117.891166,0.005208,6925.23925,0.024792,101.99975,0.001,owner_state/results/collect-20260915T094023087152Z/152-measured-50-cse_dce-rlp.log,364c7661432aeb3f4b300e5879d8b2920bb80fe54b2a717cd88df28237995039
cse_dce/direct,cse_dce,direct,measured,50,3,153,6.472492,150.281,510.975,7.335809583,7498510,7492965,23,5954835,1543542,182455228,834752,41414688768,41432954592,0.430400542,0.580517125,1.811367042,1.963253875,0.42340825,1.150749125,0.112796041,5.348778292,5.461574333,430.400542,580.517125,0.004708,1811.367042,1963.253875,423.40825,0.019792,2.153208,1150.749125,0.0045,6361.902375,0.024208,110.589625,0.001,owner_state/results/collect-20260915T094023087152Z/153-measured-50-cse_dce-direct.log,fbbb69be729bcadab6b91c3bd0e0ab87ba98fd2c2791fd4d1cae41ad999e2804
cse_dce/ssz,cse_dce,ssz,measured,51,1,154,7.018477,299.908,1024.104,8.649487167,8482697,8476896,24,6592617,1889947,207621052,836384,44085673984,44105416456,0.787488625,0.704666875,1.792074292,2.086513084,0.431396833,1.112628792,0.103708499,5.422613001,5.5263215,787.488625,704.666875,0.004417,1792.074292,2086.513084,431.396833,0.022583,2.134417,1112.628792,0.00675,6916.964083,0.027415,101.512917,0.001,owner_state/results/collect-20260915T094023087152Z/154-measured-51-cse_dce-ssz.log,f1889a1bf529093a15c40e1ed411da6a62bebf9518347cb7139488df938a5cfa
cse_dce/direct,cse_dce,direct,measured,51,2,155,6.401065,152.581,521.13,7.279286833,7498510,7492965,23,5954835,1543542,182455228,834752,41416605696,41434887928,0.430768709,0.579825458,1.80396025,1.924997625,0.43168975,1.118208667,0.111614541,5.278856292,5.390470833,430.768709,579.825458,0.005167,1803.96025,1924.997625,431.68975,0.023208,2.081708,1118.208667,0.004291,6291.596083,0.03125,109.468917,0.001,owner_state/results/collect-20260915T094023087152Z/155-measured-51-cse_dce-direct.log,91599c8263eb41ede186c25ad6507852fff2ada9bd6abca99c77814a296cd736
cse_dce/rlp,cse_dce,rlp,measured,51,3,156,7.032505,299.464,1033.279,8.659276792,8462089,8456073,24,6722637,1739319,207621052,835712,44139511808,44159237896,0.784504416,0.724031833,1.808533167,2.074568167,0.424118833,1.113535209,0.103213375,5.420755376,5.523968751,784.504416,724.031833,0.005042,1808.533167,2074.568167,424.118833,0.017541,2.276667,1113.535209,0.004417,6931.620625,0.025333,100.884375,0.001,owner_state/results/collect-20260915T094023087152Z/156-measured-51-cse_dce-rlp.log,c497f8f2899bad562b454b27474007800cef85ea5df0c59d0fc4c32fd47f17fd
cse_dce/rlp,cse_dce,rlp,measured,52,1,157,7.060736,299.144,1026.303,8.679974375,8462089,8456073,24,6722637,1739319,207621052,835712,44144459776,44164185864,0.790896541,0.728869542,1.80203375,2.100788791,0.421712917,1.112773666,0.103660793,5.437309124,5.540969917,790.896541,728.869542,0.004375,1802.03375,2100.788791,421.712917,0.015875,2.445291,1112.773666,0.00475,6959.569542,0.024044,101.166458,0.001,owner_state/results/collect-20260915T094023087152Z/157-measured-52-cse_dce-rlp.log,49d0874d630fbdf62558ecc99f8a78376ae4c795c299d316b88e87d0c620e34a
cse_dce/ssz,cse_dce,ssz,measured,52,2,158,7.13708,301.485,1031.349,8.782173209,8482697,8476896,24,6592617,1889947,207621052,836384,44081872896,44101598960,0.802526625,0.704524584,1.868278625,2.097462208,0.435161458,1.12501475,0.10411175,5.525917041,5.630028791,802.526625,704.524584,0.004875,1868.278625,2097.462208,435.161458,0.019709,2.155292,1125.01475,0.006667,7035.174125,0.019332,101.905875,0.001,owner_state/results/collect-20260915T094023087152Z/158-measured-52-cse_dce-ssz.log,20aca5ef2aae7481c745ce239687f5279e7a642b1dc62a53e8c6d8fbc9bb9ff2
cse_dce/direct,cse_dce,direct,measured,52,3,159,6.369533,151.812,522.911,7.245783417,7498510,7492965,23,5954835,1543542,182455228,834752,41413132288,41431414520,0.433755458,0.579804708,1.783204916,1.931513916,0.429765875,1.100439708,0.111048419,5.244924415,5.355972834,433.755458,579.804708,0.004583,1783.204916,1931.513916,429.765875,0.018291,2.016417,1100.439708,0.004875,6260.550167,0.02142,108.982833,0.001,owner_state/results/collect-20260915T094023087152Z/159-measured-52-cse_dce-direct.log,8ef1ae903d1e7ff5a213cba88dca0ddc53f2e127fc9dd67f0cd67e12d1ef9101
cse_dce/direct,cse_dce,direct,measured,53,1,160,6.404902,158.428,522.702,7.285200291,7498510,7492965,23,5954835,1543542,182455228,834752,41294217216,41312417408,0.431392459,0.590529083,1.792193042,1.935790167,0.431113917,1.111378125,0.112505207,5.270475251,5.382980458,431.392459,590.529083,0.004083,1792.193042,1935.790167,431.113917,0.015792,2.154458,1111.378125,0.004459,6294.595041,0.019456,110.306959,0.001,owner_state/results/collect-20260915T094023087152Z/160-measured-53-cse_dce-direct.log,f6d507bd185d5a26627eb3ce9b4ea69d9498e60e3288cc2e3c5d11b4ba601950
cse_dce/ssz,cse_dce,ssz,measured,53,2,161,7.044035,301.747,1043.757,8.691354,8482697,8476896,24,6592617,1889947,207621052,836384,44082593792,44102352672,0.797706708,0.707460708,1.813136334,2.080686458,0.423756958,1.116869541,0.104418293,5.434449291,5.538867584,797.706708,707.460708,0.004667,1813.136334,2080.686458,423.756958,0.021042,2.157292,1116.869541,0.006209,6941.82625,0.020333,102.20875,0.001,owner_state/results/collect-20260915T094023087152Z/161-measured-53-cse_dce-ssz.log,1e00d6119b497956d53afef417dddc828b1170ebae223ab3e243ce9713e62633
cse_dce/rlp,cse_dce,rlp,measured,53,3,162,7.040048,298.231,1031.08,8.674122625,8462089,8456073,24,6722637,1739319,207621052,835712,44141805568,44161498840,0.787917042,0.704371458,1.785246375,2.06830425,0.429877792,1.157641416,0.106689667,5.441069833,5.5477595,787.917042,704.371458,0.00475,1785.246375,2068.30425,429.877792,0.020084,2.320292,1157.641416,0.004333,6935.735708,0.027916,104.312292,0.001,owner_state/results/collect-20260915T094023087152Z/162-measured-53-cse_dce-rlp.log,3ceb11b5da6d1402d8ddabe06c95a17d16c6420fccd868d128cb5e8afb51be0a
cse_dce/direct,cse_dce,direct,measured,54,1,163,6.374954,151.583,514.574,7.24169975,7498510,7492965,23,5954835,1543542,182455228,834752,41414983680,41433265912,0.429555667,0.583489791,1.831585916,1.932604791,0.407446791,1.086934625,0.103336419,5.258572123,5.361908542,429.555667,583.489791,0.004708,1831.585916,1932.604791,407.446791,0.019334,2.246375,1086.934625,0.00425,6273.914458,0.02221,101.039542,0.001,owner_state/results/collect-20260915T094023087152Z/163-measured-54-cse_dce-direct.log,da614ec01dd146c859d57c1c88af1620e0f1a6d998d8def43e26bc1fa08fddf4
cse_dce/rlp,cse_dce,rlp,measured,54,2,164,7.03588,299.423,1013.96,8.651224667,8462089,8456073,24,6722637,1739319,207621052,835712,44139397120,44159073984,0.778182875,0.707176917,1.800746833,2.086677125,0.428876333,1.128810208,0.105409709,5.445110499,5.550520208,778.182875,707.176917,0.004625,1800.746833,2086.677125,428.876333,0.017125,2.254125,1128.810208,0.004458,6932.773208,0.022584,103.106792,0.001,owner_state/results/collect-20260915T094023087152Z/164-measured-54-cse_dce-rlp.log,b5495eb461ed9848f60943fa1f1c1f0e973566413b7c97bf1b944f137430b03d
cse_dce/ssz,cse_dce,ssz,measured,54,3,165,6.970251,299.05,1019.548,8.590788792,8482697,8476896,24,6592617,1889947,207621052,836384,44078956544,44098649792,0.769465334,0.708662416,1.786288166,2.064275041,0.424318334,1.112356125,0.104885584,5.387237666,5.49212325,769.465334,708.662416,0.004667,1786.288166,2064.275041,424.318334,0.019625,2.54375,1112.356125,0.00675,6867.961667,0.021459,102.289333,0.001,owner_state/results/collect-20260915T094023087152Z/165-measured-54-cse_dce-ssz.log,1558fc3d86c64f62ef37ae5dd45d65732c88dde7671f7b1178a39fbf12c46ae8
cse_dce/rlp,cse_dce,rlp,measured,55,1,166,6.994618,307.784,1023.654,8.633859875,8462089,8456073,24,6722637,1739319,207621052,835712,44142444544,44162088592,0.783904209,0.702370292,1.796558,2.069793792,0.412219667,1.123840333,0.105931707,5.402411792,5.508343499,783.904209,702.370292,0.004167,1796.558,2069.793792,412.219667,0.021416,2.540417,1123.840333,0.004125,6891.284833,0.028415,103.333167,0.001,owner_state/results/collect-20260915T094023087152Z/166-measured-55-cse_dce-rlp.log,57cae590495f7c3593b11789c250d597c08991f0e3c419cc8bb13248e8a71afb
cse_dce/direct,cse_dce,direct,measured,55,2,167,6.399902,151.086,509.385,7.262980875,7498510,7492965,23,5954835,1543542,182455228,834752,41612836864,41631201136,0.427667041,0.60512875,1.788581375,1.930275125,0.42673225,1.108683333,0.112834126,5.254272083,5.367106209,427.667041,605.12875,0.004125,1788.581375,1930.275125,426.73225,0.014459,2.13975,1108.683333,0.00475,6289.252625,0.021667,110.649375,0.001,owner_state/results/collect-20260915T094023087152Z/167-measured-55-cse_dce-direct.log,fcb200f0b6b39a8f766396230f2a0736c3203a980eea50b76f9bba489faa2921
cse_dce/ssz,cse_dce,ssz,measured,55,3,168,7.08396,297.97,1029.658,8.713589667,8482697,8476896,24,6592617,1889947,207621052,836384,44081905664,44101615320,0.7876575,0.701477958,1.859071584,2.093089667,0.429253583,1.1070575,0.106352208,5.488472334,5.594824542,787.6575,701.477958,0.004709,1859.071584,2093.089667,429.253583,0.0205,2.227542,1107.0575,0.0065,6979.884125,0.017082,104.075875,0.001,owner_state/results/collect-20260915T094023087152Z/168-measured-55-cse_dce-ssz.log,88220c2dd1de241dd39800354aa9c09c283a30617ec2dff766491b0360176e0c
cse_dce/direct,cse_dce,direct,measured,56,1,169,6.374652,149.742,511.309,7.2359595,7498510,7492965,23,5954835,1543542,182455228,834752,41412542464,41430808288,0.42279525,0.582127417,1.798183416,1.952307125,0.42991775,1.076708125,0.112612917,5.257116416,5.369729333,422.79525,582.127417,0.003833,1798.183416,1952.307125,429.91775,0.018875,2.238542,1076.708125,0.004666,6264.329583,0.024584,110.322417,0.001,owner_state/results/collect-20260915T094023087152Z/169-measured-56-cse_dce-direct.log,1ef10d425d0957e569b2b9f66edf16cbe52038905f327141fbd42de5bf1a3894
cse_dce/rlp,cse_dce,rlp,measured,56,2,170,7.042672,297.624,1009.611,8.653817542,8462089,8456073,24,6722637,1739319,207621052,835712,44139872256,44159450672,0.784855625,0.71724,1.79813425,2.100002125,0.433221792,1.105787125,0.103431083,5.437145292,5.540576375,784.855625,717.24,0.005042,1798.13425,2100.002125,433.221792,0.015583,2.343917,1105.787125,0.00475,6941.640042,0.029833,101.031958,0.001,owner_state/results/collect-20260915T094023087152Z/170-measured-56-cse_dce-rlp.log,fb66fd4d7218d3f3988e1a9bdf96beb8002c894c496430643fc704bdc8a3686a
cse_dce/ssz,cse_dce,ssz,measured,56,3,171,7.037894,301.313,1031.335,8.669791917,8482697,8476896,24,6592617,1889947,207621052,836384,44084822016,44104515264,0.792400708,0.708423209,1.791437291,2.092756791,0.422996708,1.125545625,0.104333668,5.432736415,5.537070083,792.400708,708.423209,0.004542,1791.437291,2092.756791,422.996708,0.02575,2.176709,1125.545625,0.006917,6935.79725,0.023,102.09675,0.001,owner_state/results/collect-20260915T094023087152Z/171-measured-56-cse_dce-ssz.log,9db8781c9d1b63dc3c9976c96ba1f3dd2c93e1a5ce62eca546665f4577d4fe2a
cse_dce/ssz,cse_dce,ssz,measured,57,1,172,7.009418,297.61,1028.25,8.633547416,8482697,8476896,24,6592617,1889947,207621052,836384,44083249152,44102991624,0.796082292,0.706860334,1.796823958,2.077260916,0.419898583,1.109999708,0.102492209,5.403983165,5.506475374,796.082292,706.860334,0.003917,1796.823958,2077.260916,419.898583,0.016125,2.273541,1109.999708,0.006583,6909.250417,0.02446,100.167583,0.001,owner_state/results/collect-20260915T094023087152Z/172-measured-57-cse_dce-ssz.log,12a859ccf26983c531777d01618461e11d2cf43caf80f7ae1bed11ad3a5d4626
cse_dce/direct,cse_dce,direct,measured,57,2,173,6.462364,155.949,518.106,7.338161209,7498510,7492965,23,5954835,1543542,182455228,834752,41415327744,41433642792,0.430444417,0.582752792,1.828069209,1.955890834,0.422823333,1.129260458,0.113122957,5.336043834,5.449166791,430.444417,582.752792,0.004,1828.069209,1955.890834,422.823333,0.019875,2.445417,1129.260458,0.004333,6351.736458,0.02179,110.627542,0.001,owner_state/results/collect-20260915T094023087152Z/173-measured-57-cse_dce-direct.log,70ce8d4e61e80ee1e571860ea2a8e6923d25dbb3a95ba019393474cd9016a745
cse_dce/rlp,cse_dce,rlp,measured,57,3,174,7.058267,298.859,1028.84,8.6868195,8462089,8456073,24,6722637,1739319,207621052,835712,44138053632,44157730496,0.789539958,0.701501167,1.824499875,2.085893458,0.414929708,1.136415333,0.105487501,5.461738374,5.567225875,789.539958,701.501167,0.004209,1824.499875,2085.893458,414.929708,0.015041,2.242958,1136.415333,0.005208,6955.069958,0.023043,103.197042,0.001,owner_state/results/collect-20260915T094023087152Z/174-measured-57-cse_dce-rlp.log,a486c87afcc5cf24aaece678404d41fc47b12c2b008de48419d83b2aac97002e
cse_dce/ssz,cse_dce,ssz,measured,58,1,175,7.085651,301.882,1035.903,8.725694958,8482697,8476896,24,6592617,1889947,207621052,836384,44086706176,44106415832,0.795665375,0.698687833,1.848061291,2.093206584,0.418777042,1.126860958,0.104391917,5.486905875,5.591297792,795.665375,698.687833,0.00425,1848.061291,2093.206584,418.777042,0.021,2.361792,1126.860958,0.00625,6983.67625,0.023875,101.97475,0.001,owner_state/results/collect-20260915T094023087152Z/175-measured-58-cse_dce-ssz.log,30460ad5b85b8ef0097f2dc6dfed9f7c1773b49007db945d358a5c7cb4b55d00
cse_dce/rlp,cse_dce,rlp,measured,58,2,176,6.974407,297.255,1040.113,8.606224167,8462089,8456073,24,6722637,1739319,207621052,835712,44104515584,44124094000,0.785055458,0.70139275,1.781503542,2.069084333,0.422694708,1.111481708,0.103194501,5.384764291,5.487958792,785.055458,701.39275,0.004416,1781.503542,2069.084333,422.694708,0.0185,2.173666,1111.481708,0.004625,6873.437833,0.024127,100.969167,0.001,owner_state/results/collect-20260915T094023087152Z/176-measured-58-cse_dce-rlp.log,ccc0809b634f460fc136539981eaf5ef917c5e7a08fc023232cd41ac6ac8a19b
cse_dce/direct,cse_dce,direct,measured,58,3,177,6.417681,152.606,519.412,7.295810875,7498510,7492965,23,5954835,1543542,182455228,834752,41412001792,41430234800,0.432119916,0.581150916,1.801364834,1.940346917,0.431977333,1.120209333,0.110511751,5.293898417,5.404410168,432.119916,581.150916,0.004667,1801.364834,1940.346917,431.977333,0.0165,2.357292,1120.209333,0.004208,6309.584709,0.032793,108.096291,0.001,owner_state/results/collect-20260915T094023087152Z/177-measured-58-cse_dce-direct.log,0d60074e419d0733ae45bd923a1e435f9546a9091d1ff8b484ab71bcc4441727
cse_dce/direct,cse_dce,direct,measured,59,1,178,6.417654,158.424,518.978,7.2978935,7498510,7492965,23,5954835,1543542,182455228,834752,41455009792,41473275616,0.431466667,0.587632333,1.807256666,1.939546667,0.428344125,1.113231333,0.110176209,5.288378791,5.398555,431.466667,587.632333,0.005083,1807.256666,1939.546667,428.344125,0.01675,2.231666,1113.231333,0.004959,6309.757458,0.021209,107.896542,0.001,owner_state/results/collect-20260915T094023087152Z/178-measured-59-cse_dce-direct.log,7fbf93bb337fb4ed1495128dd439911666bb3ea994e69741a0b31b94292c42f2
cse_dce/ssz,cse_dce,ssz,measured,59,2,179,7.026337,305.476,1029.063,8.665326291,8482697,8476896,24,6592617,1889947,207621052,836384,44084871168,44104580824,0.799239,0.706034583,1.789952333,2.077727459,0.432343458,1.116794833,0.104245334,5.416818083,5.521063417,799.239,706.034583,0.00675,1789.952333,2077.727459,432.343458,0.017792,2.199708,1116.794833,0.005708,6924.345167,0.023543,101.991833,0.001,owner_state/results/collect-20260915T094023087152Z/179-measured-59-cse_dce-ssz.log,e3f81493385112ef75c8796f99988df1bfc700789a9373d13be4372a66b1f673
cse_dce/rlp,cse_dce,rlp,measured,59,3,180,7.047912,301.666,1030.372,8.6827735,8462089,8456073,24,6722637,1739319,207621052,835712,44140118016,44159811288,0.793663791,0.70118125,1.788492458,2.086818083,0.457081959,1.119019708,0.101654751,5.451412208,5.553066959,793.663791,701.18125,0.004875,1788.492458,2086.818083,457.081959,0.018292,2.201416,1119.019708,0.004875,6948.509834,0.023127,99.402166,0.001,owner_state/results/collect-20260915T094023087152Z/180-measured-59-cse_dce-rlp.log,1e95fce4602a7ad29cd7b70c68c3d7ce5254e2743e490d4b3e0df804168f25e9
cse_dce/rlp,cse_dce,rlp,measured,60,1,181,7.143885,303.49,1030.984,8.781374667,8462089,8456073,24,6722637,1739319,207621052,835712,44138741760,44158418624,0.786403208,0.704602125,1.91944025,2.0996185,0.413793666,1.115072959,0.104954292,5.547925375,5.652879667,786.403208,704.602125,0.004,1919.44025,2099.6185,413.793666,0.020208,2.195292,1115.072959,0.006084,7041.179458,0.023166,102.705542,0.001,owner_state/results/collect-20260915T094023087152Z/181-measured-60-cse_dce-rlp.log,464be7f63ce64291b034679d9c865a9290800228d097f1b2213a038b329fccc7
cse_dce/ssz,cse_dce,ssz,measured,60,2,182,7.030891,298.615,1024.451,8.655271667,8482697,8476896,24,6592617,1889947,207621052,836384,44082298880,44101975720,0.796223875,0.709851167,1.79308425,2.079034459,0.427207292,1.119462792,0.106027165,5.418788793,5.524815958,796.223875,709.851167,0.004375,1793.08425,2079.034459,427.207292,0.021042,2.104709,1119.462792,0.004291,6927.021583,0.023331,103.869417,0.001,owner_state/results/collect-20260915T094023087152Z/182-measured-60-cse_dce-ssz.log,6aad8da873844834489a5978aa533718f6905e4f6e1cfc03c5738d485ff1cb8b
cse_dce/direct,cse_dce,direct,measured,60,3,183,6.408877,153.165,517.731,7.286667792,7498510,7492965,23,5954835,1543542,182455228,834752,41414770688,41433036512,0.429969958,0.581837417,1.794496959,1.936842333,0.429499833,1.125551667,0.110678833,5.286390792,5.397069625,429.969958,581.837417,0.004167,1794.496959,1936.842333,429.499833,0.034042,2.1315,1125.551667,0.004375,6300.395458,0.023207,108.481542,0.001,owner_state/results/collect-20260915T094023087152Z/183-measured-60-cse_dce-direct.log,687bdd8181e116c80899683e99f22465ce9f80961161f2639b98b6b3141bb3fa
cse_dce/rlp,cse_dce,rlp,measured,61,1,184,7.08096,301.709,1022.78,8.702415917,8462089,8456073,24,6722637,1739319,207621052,835712,44148736000,44168412864,0.78158725,0.709124042,1.816792625,2.085666834,0.42948475,1.15198275,0.106321749,5.483926959,5.590248708,781.58725,709.124042,0.004292,1816.792625,2085.666834,429.48475,0.025292,2.293583,1151.98275,0.004584,6976.992209,0.026207,103.967791,0.001,owner_state/results/collect-20260915T094023087152Z/184-measured-61-cse_dce-rlp.log,a29ff935ad0ac1b2d8e24811981a94007f50b4205a271c9e30d15a9e95d45222
cse_dce/ssz,cse_dce,ssz,measured,61,2,185,7.056102,301.666,1026.46,8.686087458,8482697,8476896,24,6592617,1889947,207621052,836384,44082298880,44102024944,0.786617542,0.717193583,1.799756708,2.093984583,0.428228125,1.125226708,0.105094751,5.447196124,5.552290875,786.617542,717.193583,0.004416,1799.756708,2093.984583,428.228125,0.021875,2.165459,1125.226708,0.005917,6953.228333,0.023417,102.873667,0.001,owner_state/results/collect-20260915T094023087152Z/185-measured-61-cse_dce-ssz.log,e07e9dda9804f4ca85b2a321f08db08dfc9cd4995cc257c74ace118b445caf0d
cse_dce/direct,cse_dce,direct,measured,61,3,186,6.394623,151.79,537.039,7.288082292,7498510,7492965,23,5954835,1543542,182455228,834752,41413263360,41431545592,0.430769208,0.585133125,1.789781125,1.941750625,0.430696,1.104407292,0.112085625,5.266635042,5.378720667,430.769208,585.133125,0.004541,1789.781125,1941.750625,430.696,0.0195,2.009666,1104.407292,0.004834,6284.595375,0.019459,110.027625,0.001,owner_state/results/collect-20260915T094023087152Z/186-measured-61-cse_dce-direct.log,45db7e582e65162569646171237707e4f8fc49576d65c0fd072f8416081e0525
cse_dce/ssz,cse_dce,ssz,measured,62,1,187,7.144783,297.496,1033.268,8.778525042,8482697,8476896,24,6592617,1889947,207621052,836384,44120948736,44140642008,0.790786291,0.713896333,1.875122166,2.093167375,0.416147667,1.147659375,0.108003793,5.532096583,5.640100376,790.786291,713.896333,0.005167,1875.122166,2093.167375,416.147667,0.015667,2.179333,1147.659375,0.0065,7039.008333,0.022459,105.774667,0.001,owner_state/results/collect-20260915T094023087152Z/187-measured-62-cse_dce-ssz.log,d5e85b98841eb43fdda2ff5a64bfa99b7a7893ebf5f549cbdbe84ebce1cbebef
cse_dce/rlp,cse_dce,rlp,measured,62,2,188,7.046705,302.993,1024.427,8.677045625,8462089,8456073,24,6722637,1739319,207621052,835712,44145360896,44165070576,0.788549875,0.71154625,1.78816125,2.079535292,0.440332417,1.134602958,0.103976958,5.442631917,5.546608875,788.549875,711.54625,0.004416,1788.16125,2079.535292,440.332417,0.020208,2.114791,1134.602958,0.006542,6944.900333,0.026334,101.804667,0.001,owner_state/results/collect-20260915T094023087152Z/188-measured-62-cse_dce-rlp.log,9a68b336eb9c06ff95bd70d422c5a4920bd786521895c58b7a0aa0e7b06ed7e8
cse_dce/direct,cse_dce,direct,measured,62,3,189,6.415149,168.528,521.189,7.305336583,7498510,7492965,23,5954835,1543542,182455228,834752,41413558272,41431791280,0.428024875,0.578412625,1.79603,1.936646333,0.442173083,1.119997042,0.113865042,5.294846458,5.4087115,428.024875,578.412625,0.005167,1796.03,1936.646333,442.173083,0.015833,2.437333,1119.997042,0.005833,6303.769792,0.021668,111.379208,0.001,owner_state/results/collect-20260915T094023087152Z/189-measured-62-cse_dce-direct.log,f009ea213f44b2ff58afdcfb1fe39e76be165b4a29133e64b82979eea60f9f75
cse_dce/rlp,cse_dce,rlp,measured,63,1,190,7.061633,296.223,1027.932,8.683498625,8462089,8456073,24,6722637,1739319,207621052,835712,44209373184,44228951624,0.779616917,0.709388333,1.828537375,2.083426917,0.4260285,1.129553292,0.105081666,5.467546084,5.57262775,779.616917,709.388333,0.004416,1828.537375,2083.426917,426.0285,0.02,2.153083,1129.553292,0.003958,6958.754834,0.022043,102.878166,0.001,owner_state/results/collect-20260915T094023087152Z/190-measured-63-cse_dce-rlp.log,0b22cf3ccecc8f6bcf6e7f31319746f1af779885ff25a56faac9510acc545959
cse_dce/direct,cse_dce,direct,measured,63,2,191,6.422964,153.581,520.72,7.298413292,7498510,7492965,23,5954835,1543542,182455228,834752,41416523776,41434806008,0.432176167,0.582582958,1.798282917,1.943579542,0.431171792,1.122208375,0.112962249,5.295242626,5.408204875,432.176167,582.582958,0.004583,1798.282917,1943.579542,431.171792,0.018125,2.014458,1122.208375,0.00425,6312.066166,0.022999,110.897834,0.001,owner_state/results/collect-20260915T094023087152Z/191-measured-63-cse_dce-direct.log,0c2b726810c68494fb880d41e2dd065f7e85e93e9dd240c8c9717efaed6d6cee
cse_dce/ssz,cse_dce,ssz,measured,63,3,192,7.02842,300.135,1030.104,8.654820166,8482697,8476896,24,6592617,1889947,207621052,836384,44099141632,44118851288,0.794677958,0.711091,1.800357584,2.073008792,0.418216292,1.12675525,0.104313124,5.418337918,5.522651042,794.677958,711.091,0.00425,1800.357584,2073.008792,418.216292,0.023875,2.309084,1126.75525,0.005458,6926.473667,0.024124,101.946333,0.001,owner_state/results/collect-20260915T094023087152Z/192-measured-63-cse_dce-ssz.log,031f28f4c9ca3cd839945e1c888d297f0f4108a2bd0b32215852975e9dccb67b
cse_dce/direct,cse_dce,direct,measured,64,1,193,6.427692,151.995,521.524,7.305588375,7498510,7492965,23,5954835,1543542,182455228,834752,41411723264,41430038312,0.434958208,0.6012205,1.814661625,1.911810042,0.434753083,1.116968042,0.1133205,5.278192792,5.391513292,434.958208,601.2205,0.004792,1814.661625,1911.810042,434.753083,0.017625,2.183208,1116.968042,0.005042,6316.6075,0.025333,111.0845,0.001,owner_state/results/collect-20260915T094023087152Z/193-measured-64-cse_dce-direct.log,2978a35a0766ff711145479afd8c2c115887eecd23ffe60f4d62d5e5fab6509a
cse_dce/ssz,cse_dce,ssz,measured,64,2,194,7.074686,300.197,1025.191,8.697070875,8482697,8476896,24,6592617,1889947,207621052,836384,44083707904,44103417560,0.789535833,0.707294042,1.804349167,2.071424417,0.486297417,1.112382708,0.103402416,5.474453709,5.577856125,789.535833,707.294042,0.004541,1804.349167,2071.424417,486.297417,0.014083,2.159916,1112.382708,0.014042,6973.500416,0.02425,101.185584,0.001,owner_state/results/collect-20260915T094023087152Z/194-measured-64-cse_dce-ssz.log,39f11e93997e132d53fb661c3dd025080eb93ffc8dacf2f938696c863dd421a2
cse_dce/rlp,cse_dce,rlp,measured,64,3,195,7.070974,301.478,1028.331,8.710639417,8462089,8456073,24,6722637,1739319,207621052,835712,44140331008,44160040688,0.799184125,0.713415291,1.809904833,2.08749925,0.426515958,1.126201917,0.108252626,5.450121958,5.558374584,799.184125,713.415291,0.004875,1809.904833,2087.49925,426.515958,0.018958,2.404292,1126.201917,0.003875,6965.176875,0.023501,105.797125,0.001,owner_state/results/collect-20260915T094023087152Z/195-measured-64-cse_dce-rlp.log,a95dca918c3976b311b4ba447ebabe757162f7fd965e151f5701efc178ca6433
cse_dce/ssz,cse_dce,ssz,measured,65,1,196,7.058669,301.067,1030.817,8.69374675,8482697,8476896,24,6592617,1889947,207621052,836384,44091146240,44110806720,0.790878083,0.707670625,1.790518959,2.103143625,0.444923458,1.117646083,0.103888167,5.456232125,5.560120292,790.878083,707.670625,0.005417,1790.518959,2103.143625,444.923458,0.021458,2.2775,1117.646083,0.006291,6957.11525,0.023751,101.55375,0.001,owner_state/results/collect-20260915T094023087152Z/196-measured-65-cse_dce-ssz.log,fb6048fd67330d2319c1002036c4ac4051255bc8d9e72a97e137b6a74687f541
cse_dce/direct,cse_dce,direct,measured,65,2,197,6.431913,152.514,525.533,7.313987208,7498510,7492965,23,5954835,1543542,182455228,834752,41414000640,41432250056,0.433351666,0.584280958,1.805696125,1.962908209,0.428807875,1.104117875,0.112750292,5.301530084,5.414280376,433.351666,584.280958,0.004,1805.696125,1962.908209,428.807875,0.021792,2.261417,1104.117875,0.005041,6321.479458,0.0245,110.433542,0.001,owner_state/results/collect-20260915T094023087152Z/197-measured-65-cse_dce-direct.log,e024585e8eb25bbd51bf9ff4d99d69fc25290bdb2979e165e7b8c4799c487521
cse_dce/rlp,cse_dce,rlp,measured,65,3,198,7.146168,301.136,1033.382,8.782276542,8462089,8456073,24,6722637,1739319,207621052,835712,44142051328,44161761008,0.787162542,0.715206625,1.897902417,2.100259625,0.417982208,1.123139541,0.104515042,5.539283791,5.643798833,787.162542,715.206625,0.004541,1897.902417,2100.259625,417.982208,0.020125,2.177084,1123.139541,0.01025,7043.886792,0.021834,102.281208,0.001,owner_state/results/collect-20260915T094023087152Z/198-measured-65-cse_dce-rlp.log,190b1d6c444d6c8c610177790070de240a3738bbaac9d1d9d182fbcce3a7060d
cse_dce/direct,cse_dce,direct,measured,66,1,199,6.399736,151.996,523.003,7.277302917,7498510,7492965,23,5954835,1543542,182455228,834752,41413738496,41432020728,0.432248208,0.583420041,1.822335917,1.934614625,0.412721459,1.098865084,0.115530666,5.268537085,5.384067751,432.248208,583.420041,0.004333,1822.335917,1934.614625,412.721459,0.026167,2.121125,1098.865084,0.004666,6286.383292,0.021667,113.352708,0.001,owner_state/results/collect-20260915T094023087152Z/199-measured-66-cse_dce-direct.log,fa1835e2f291cd3d8f5a32a41cbe6f5d27cc873827340ff3e4c6b0d52114d9af
cse_dce/rlp,cse_dce,rlp,measured,66,2,200,7.027883,301.624,1030.924,8.665745,8462089,8456073,24,6722637,1739319,207621052,835712,44142592000,44162318088,0.791323542,0.708361125,1.793069292,2.076977875,0.424367834,1.129579416,0.104203916,5.423994417,5.528198333,791.323542,708.361125,0.00475,1793.069292,2076.977875,424.367834,0.016791,2.176,1129.579416,0.009667,6925.908917,0.022625,101.974083,0.001,owner_state/results/collect-20260915T094023087152Z/200-measured-66-cse_dce-rlp.log,56be3641c6886f3e0e02f30c82d0655713e7e62dddaea30c13d8cc479bb767d3
cse_dce/ssz,cse_dce,ssz,measured,66,3,201,7.072111,299.284,1030.424,8.702971083,8482697,8476896,24,6592617,1889947,207621052,836384,44083920896,44103646960,0.785011792,0.709340583,1.799209917,2.092426333,0.431754792,1.151790375,0.102577208,5.475181417,5.577758625,785.011792,709.340583,0.00425,1799.209917,2092.426333,431.754792,0.020417,2.124875,1151.790375,0.006083,6971.714708,0.025291,100.396292,0.001,owner_state/results/collect-20260915T094023087152Z/201-measured-66-cse_dce-ssz.log,a3b8d32dde511e8acedf93a2795eed527ba777205011ecab19791e7a939aaf0a
cse_dce/rlp,cse_dce,rlp,measured,67,1,202,7.031335,297.224,1029.627,8.653406125,8462089,8456073,24,6722637,1739319,207621052,835712,44142428160,44162088616,0.77630225,0.708464708,1.800367541,2.099767834,0.426414958,1.1160455,0.103972209,5.442595833,5.546568042,776.30225,708.464708,0.005083,1800.367541,2099.767834,426.414958,0.019333,2.351333,1116.0455,0.009708,6929.772084,0.023836,101.562916,0.001,owner_state/results/collect-20260915T094023087152Z/202-measured-67-cse_dce-rlp.log,d8381665f28d041d2dc9ad7826e04a09121d060d764fe2d53840b6fc4f9b366c
cse_dce/direct,cse_dce,direct,measured,67,2,203,6.493045,151.148,519.19,7.358757459,7498510,7492965,23,5954835,1543542,182455228,834752,41413525504,41431807736,0.430554042,0.585707041,1.878542,1.937061292,0.434241458,1.112305667,0.1146335,5.362150417,5.476783917,430.554042,585.707041,0.0045,1878.542,1937.061292,434.241458,0.020583,2.173416,1112.305667,0.004459,6380.638209,0.023751,112.406791,0.001,owner_state/results/collect-20260915T094023087152Z/203-measured-67-cse_dce-direct.log,2636a5a3d24c0546d5675325f92beed4aa4e4eecea06a0145d68722a56852633
cse_dce/ssz,cse_dce,ssz,measured,67,3,204,7.012762,300.078,1020.832,8.630343375,8482697,8476896,24,6592617,1889947,207621052,836384,44086689792,44106399448,0.797377958,0.710875834,1.786421958,2.093706041,0.422175417,1.099836125,0.102368667,5.402139541,5.504508208,797.377958,710.875834,0.004125,1786.421958,2093.706041,422.175417,0.024125,2.24,1099.836125,0.006209,6912.688917,0.021125,100.073083,0.001,owner_state/results/collect-20260915T094023087152Z/204-measured-67-cse_dce-ssz.log,3a5597b8c42fa59acf7ea26139c1543ce62e6dbfc5c01431b75f9ed49936e20a
cse_dce/direct,cse_dce,direct,measured,68,1,205,6.339155,151.577,522.269,7.213207584,7498510,7492965,23,5954835,1543542,182455228,834752,41413623808,41431922448,0.438092541,0.584381958,1.74206,1.921911708,0.432866,1.107713166,0.112129627,5.204550874,5.316680501,438.092541,584.381958,0.004416,1742.06,1921.911708,432.866,0.022583,2.375375,1107.713166,0.00425,6229.451959,0.019962,109.703041,0.001,owner_state/results/collect-20260915T094023087152Z/205-measured-68-cse_dce-direct.log,56dad5f6b4df58da257c830b051b6131878c7ff64e7d25de8ef332fb834c8dc6
cse_dce/rlp,cse_dce,rlp,measured,68,2,206,7.074849,302.435,1033.706,8.711374292,8462089,8456073,24,6722637,1739319,207621052,835712,44142231552,44161842784,0.800704166,0.704520084,1.791557042,2.090962958,0.422208666,1.160766875,0.104129209,5.465495541,5.56962475,800.704166,704.520084,0.0045,1791.557042,2090.962958,422.208666,0.017042,2.094791,1160.766875,0.009333,6972.867417,0.02196,101.981583,0.001,owner_state/results/collect-20260915T094023087152Z/206-measured-68-cse_dce-rlp.log,98637e3fb266765baf044e9811e1e18e99710aa3829f4801cc0f1b76658c393f
cse_dce/ssz,cse_dce,ssz,measured,68,3,207,7.050457,301.669,1029.044,8.685400333,8482697,8476896,24,6592617,1889947,207621052,836384,44081627136,44101320384,0.797327458,0.702726833,1.807733083,2.0783305,0.423597417,1.134832791,0.105908918,5.444493791,5.550402709,797.327458,702.726833,0.005125,1807.733083,2078.3305,423.597417,0.016,2.323,1134.832791,0.006833,6946.924292,0.025252,103.532708,0.001,owner_state/results/collect-20260915T094023087152Z/207-measured-68-cse_dce-ssz.log,c2c586c27bd4e9d3eaf56d20ca70273410e2eaacca0d70e6f57e7ed2bc16a04a
cse_dce/rlp,cse_dce,rlp,measured,69,1,208,7.085797,299.803,1032.663,8.718144083,8462089,8456073,24,6722637,1739319,207621052,835712,44142411776,44162088640,0.787207042,0.696249625,1.856165042,2.09348275,0.425868958,1.120375916,0.106447667,5.495892666,5.602340333,787.207042,696.249625,0.004375,1856.165042,2093.48275,425.868958,0.02175,2.186792,1120.375916,0.008959,6981.597042,0.025833,104.199958,0.001,owner_state/results/collect-20260915T094023087152Z/208-measured-69-cse_dce-rlp.log,1bc1e4d6a31743b964e495aec3fe03572a7e2492b0dd67b58a49a4f9b131e47e
cse_dce/ssz,cse_dce,ssz,measured,69,2,209,7.017949,298.905,1030.381,8.643288834,8482697,8476896,24,6592617,1889947,207621052,836384,44080414720,44100124376,0.795363958,0.700657292,1.818394834,2.06992925,0.419102291,1.114059792,0.100441583,5.421486167,5.52192775,795.363958,700.657292,0.004875,1818.394834,2069.92925,419.102291,0.032917,2.388625,1114.059792,0.004875,6919.960958,0.022249,97.988042,0.001,owner_state/results/collect-20260915T094023087152Z/209-measured-69-cse_dce-ssz.log,2a9c702abf77c2c7b940de083fe963eead7abba03b45e03a76c299e40d0b845f
cse_dce/direct,cse_dce,direct,measured,69,3,210,6.370224,153.428,522.109,7.246058334,7498510,7492965,23,5954835,1543542,182455228,834752,41415016448,41433315088,0.4299145,0.598370459,1.77650875,1.916042917,0.421169375,1.114973667,0.113244332,5.228694709,5.341939041,429.9145,598.370459,0.004584,1776.50875,1916.042917,421.169375,0.036791,2.118708,1114.973667,0.003792,6259.169209,0.025666,111.054791,0.001,owner_state/results/collect-20260915T094023087152Z/210-measured-69-cse_dce-direct.log,88d39cbd5ea84cbb0e6dddde4bfd4b3ea8f673f6d6fee5de873e337c5c240541
cse_dce/ssz,cse_dce,ssz,measured,70,1,211,7.016539,298.265,1029.994,8.645240292,8482697,8476896,24,6592617,1889947,207621052,836384,44082610176,44102303424,0.795699,0.710512542,1.794431792,2.076621,0.420822458,1.113682667,0.104769541,5.405557917,5.510327458,795.699,710.512542,0.00475,1794.431792,2076.621,420.822458,0.021125,2.246125,1113.682667,0.003833,6914.068541,0.023249,102.470459,0.001,owner_state/results/collect-20260915T094023087152Z/211-measured-70-cse_dce-ssz.log,4d204eda68170c7e0fe37d86c90a106cf96f6f9563c89f455d891567f30f3446
cse_dce/direct,cse_dce,direct,measured,70,2,212,6.340067,152.806,519.45,7.211637542,7498510,7492965,23,5954835,1543542,182455228,834752,41413459968,41431758608,0.430986458,0.579401916,1.757238083,1.910533125,0.434875292,1.114122958,0.112909168,5.216769458,5.329678626,430.986458,579.401916,0.01025,1757.238083,1910.533125,434.875292,0.0155,2.160791,1114.122958,0.010166,6229.375375,0.020836,110.691625,0.001,owner_state/results/collect-20260915T094023087152Z/212-measured-70-cse_dce-direct.log,c6423bdeda6845859560877fd587c6ced5d3b2ead042fff297f514e0447e3235
cse_dce/rlp,cse_dce,rlp,measured,70,3,213,7.14488,301.974,1030.065,8.779164083,8462089,8456073,24,6722637,1739319,207621052,835712,44142690304,44162268720,0.805745042,0.705951292,1.856282083,2.115425834,0.432232,1.126449958,0.102793791,5.530389875,5.633183666,805.745042,705.951292,0.0045,1856.282083,2115.425834,432.232,0.0225,2.046291,1126.449958,0.009167,7044.189542,0.020875,100.690458,0.001,owner_state/results/collect-20260915T094023087152Z/213-measured-70-cse_dce-rlp.log,48d51408b0ead4987533b3c1309a1a0821401eae2cf8e42ba6c6927c9a35c6ce
cse_dce/direct,cse_dce,direct,measured,71,1,214,6.439759,153.144,521.668,7.315043583,7498510,7492965,23,5954835,1543542,182455228,834752,41413722112,41432037160,0.431529083,0.580962084,1.792306917,1.9300645,0.466990458,1.1243405,0.113565458,5.313702375,5.427267833,431.529083,580.962084,0.0045,1792.306917,1930.0645,466.990458,0.015,2.292833,1124.3405,0.005459,6328.532458,0.021124,111.226542,0.001,owner_state/results/collect-20260915T094023087152Z/214-measured-71-cse_dce-direct.log,baef5459ac111f56e0c98b06b32a5dbcd332cdf82d42f40bcb9740243fc5fcc6
cse_dce/ssz,cse_dce,ssz,measured,71,2,215,7.085681,299.241,1030.203,8.718190584,8482697,8476896,24,6592617,1889947,207621052,836384,44083052544,44102778608,0.801705,0.710879666,1.813295083,2.093894333,0.43324575,1.12763525,0.105025918,5.468070416,5.573096334,801.705,710.879666,0.009625,1813.295083,2093.894333,433.24575,0.01725,2.276625,1127.63525,0.004708,6982.985583,0.022293,102.695417,0.001,owner_state/results/collect-20260915T094023087152Z/215-measured-71-cse_dce-ssz.log,357793eca722267a09e67524765a7065fdb8c7e6d087393f9aacacb8b8f635e6
cse_dce/rlp,cse_dce,rlp,measured,71,3,216,7.037595,300.425,1032.111,8.669773583,8462089,8456073,24,6722637,1739319,207621052,835712,44141592576,44161220216,0.795000916,0.729865458,1.785684083,2.082725584,0.421184333,1.117475125,0.105659501,5.407069125,5.512728626,795.000916,729.865458,0.004625,1785.684083,2082.725584,421.184333,0.020625,2.127292,1117.475125,0.004625,6934.1165,0.023834,103.4785,0.001,owner_state/results/collect-20260915T094023087152Z/216-measured-71-cse_dce-rlp.log,0f7ba355043843f35100af8bbe1f451611eed72176e6877f6856f8a6aa00ec23
cse_dce/ssz,cse_dce,ssz,measured,72,1,217,7.079384,303.084,1029.791,8.7090675,8482697,8476896,24,6592617,1889947,207621052,836384,44079349760,44099075848,0.792914708,0.733910083,1.83918275,2.084479083,0.409559959,1.115737833,0.103599584,5.448959625,5.552559209,792.914708,733.910083,0.004458,1839.18275,2084.479083,409.559959,0.017708,2.107375,1115.737833,0.006042,6977.941416,0.021417,101.442584,0.001,owner_state/results/collect-20260915T094023087152Z/217-measured-72-cse_dce-ssz.log,629e67003b2c02914210ad6060b96d2a9669aa0ce7b96e68b6023fddd938ad23
cse_dce/rlp,cse_dce,rlp,measured,72,2,218,7.062464,301.538,1035.275,8.702015333,8462089,8456073,24,6722637,1739319,207621052,835712,44140986368,44160581192,0.78735575,0.696909125,1.820057458,2.085699291,0.421086167,1.137230666,0.114125543,5.464073582,5.578199125,787.35575,696.909125,0.00625,1820.057458,2085.699291,421.086167,0.0175,2.157958,1137.230666,0.013417,6950.556666,0.023084,111.907334,0.001,owner_state/results/collect-20260915T094023087152Z/218-measured-72-cse_dce-rlp.log,9bc75fe2b055ac7ddf7864c3b0fa1dcd4d3ae1c3812cbd3e21613bd9aed2ac0b
cse_dce/direct,cse_dce,direct,measured,72,3,219,6.397187,153.872,519.035,7.273728333,7498510,7492965,23,5954835,1543542,182455228,834752,41413525504,41431840552,0.431444583,0.572895958,1.798172292,1.934162667,0.430546625,1.117505792,0.112459083,5.280387376,5.392846459,431.444583,572.895958,0.004417,1798.172292,1934.162667,430.546625,0.024459,2.333792,1117.505792,0.004208,6287.1185,0.023707,110.0685,0.001,owner_state/results/collect-20260915T094023087152Z/219-measured-72-cse_dce-direct.log,0c1f8a5e9bcbfc6a7fc2cbf7b2bf9e6de1478f37697463f0996836f18895d208
cse_dce/rlp,cse_dce,rlp,measured,73,1,220,7.050692,299.66,1031.909,8.680009084,8462089,8456073,24,6722637,1739319,207621052,835712,44138250240,44157943512,0.791884792,0.701313167,1.805320584,2.089755208,0.443012875,1.115354792,0.104050582,5.453443459,5.557494041,791.884792,701.313167,0.005209,1805.320584,2089.755208,443.012875,0.021791,2.386458,1115.354792,0.0045,6949.081208,0.021832,101.610792,0.001,owner_state/results/collect-20260915T094023087152Z/220-measured-73-cse_dce-rlp.log,92ace9d8b66606720cc2374fc2371dcc9fa76d7aab2ed72383e6d3cc5e61a678
cse_dce/ssz,cse_dce,ssz,measured,73,2,221,7.166477,304.163,1027.423,8.804504208,8482697,8476896,24,6592617,1889947,207621052,836384,44083150848,44102893320,0.835939,0.707548875,1.857747291,2.083239209,0.431450958,1.144600209,0.105951458,5.517037667,5.622989125,835.939,707.548875,0.004334,1857.747291,2083.239209,431.450958,0.017625,2.467834,1144.600209,0.006834,7063.048458,0.026289,103.428542,0.001,owner_state/results/collect-20260915T094023087152Z/221-measured-73-cse_dce-ssz.log,b7e7df176baffbdb22e404e9b53cfff0c085b8d91664a04aee34fdbd690d6e9f
cse_dce/direct,cse_dce,direct,measured,73,3,222,6.395436,152.115,521.199,7.272452875,7498510,7492965,23,5954835,1543542,182455228,834752,41415868416,41434117832,0.436125416,0.580489792,1.787140083,1.933987583,0.42843525,1.112875667,0.116382209,5.262438583,5.378820792,436.125416,580.489792,0.004334,1787.140083,1933.987583,428.43525,0.022375,2.174666,1112.875667,0.004,6281.283375,0.024209,114.152625,0.001,owner_state/results/collect-20260915T094023087152Z/222-measured-73-cse_dce-direct.log,f59685a9e1d5c8849a007fd1f466be3ad49d4e0ae4aa1fcba22c8c03332707eb
cse_dce/direct,cse_dce,direct,measured,74,1,223,6.415582,150.294,518.109,7.286041208,7498510,7492965,23,5954835,1543542,182455228,834752,41413672960,41431922376,0.435481666,0.58035525,1.808990083,1.935481083,0.415343666,1.128979042,0.11095121,5.288793874,5.399745084,435.481666,580.35525,0.00425,1808.990083,1935.481083,415.343666,0.019625,2.240166,1128.979042,0.004459,6306.9265,0.02721,108.6555,0.001,owner_state/results/collect-20260915T094023087152Z/223-measured-74-cse_dce-direct.log,14055a3412afd9d1558e4ceb6df229637f6ec23658a9d34233f2f79e65042bc3
cse_dce/rlp,cse_dce,rlp,measured,74,2,224,7.026543,299.464,1031.967,8.650408458,8462089,8456073,24,6722637,1739319,207621052,835712,44140871680,44160466504,0.793588625,0.700631167,1.78526875,2.073464041,0.443116625,1.12778925,0.102684542,5.429638666,5.532323208,793.588625,700.631167,0.004625,1785.26875,2073.464041,443.116625,0.014708,2.195333,1127.78925,0.006125,6926.106042,0.026793,100.436958,0.001,owner_state/results/collect-20260915T094023087152Z/224-measured-74-cse_dce-rlp.log,1d8a885431d63ae58f6b8320a5bf3f2103b86e72a2872294f02a7c285a98dc62
cse_dce/ssz,cse_dce,ssz,measured,74,3,225,7.10699,303.42,1022.679,8.733047875,8482697,8476896,24,6592617,1889947,207621052,836384,44082397184,44102106840,0.802456833,0.701202333,1.849358917,2.093715416,0.427527708,1.127484167,0.105244626,5.498086208,5.603330834,802.456833,701.202333,0.004833,1849.358917,2093.715416,427.527708,0.019375,2.293667,1127.484167,0.006042,7004.093292,0.024001,102.896708,0.001,owner_state/results/collect-20260915T094023087152Z/225-measured-74-cse_dce-ssz.log,df6a2366b7fcffa99186d58fcf4628acb074c342bd457094c517365f68d00b83
cse_dce/direct,cse_dce,direct,measured,75,1,226,6.40739,151.756,520.989,7.280506417,7498510,7492965,23,5954835,1543542,182455228,834752,41412509696,41430808336,0.436267792,0.581045625,1.794881584,1.948336958,0.427184875,1.108241542,0.111431624,5.278644959,5.390076583,436.267792,581.045625,0.005,1794.881584,1948.336958,427.184875,0.016042,2.28975,1108.241542,0.004416,6298.2975,0.023916,109.0925,0.001,owner_state/results/collect-20260915T094023087152Z/226-measured-75-cse_dce-direct.log,3ed5a733a509123ad1f879719081a492f2499089e0c2c0bdcb9a7c5437126c8a
cse_dce/ssz,cse_dce,ssz,measured,75,2,227,7.022701,299.992,1026.173,8.651366375,8482697,8476896,24,6592617,1889947,207621052,836384,44083871744,44103581400,0.805065416,0.700800584,1.786655666,2.093129083,0.422230541,1.110099875,0.104719835,5.412115165,5.516835,805.065416,700.800584,0.004333,1786.655666,2093.129083,422.230541,0.024208,2.207166,1110.099875,0.005708,6920.246084,0.023504,102.454916,0.001,owner_state/results/collect-20260915T094023087152Z/227-measured-75-cse_dce-ssz.log,6a3193997695a166ed643df81f24513d29c947acc6b79befd94f25d3c4e6ebdd
cse_dce/rlp,cse_dce,rlp,measured,75,3,228,7.027567,297.195,1029.996,8.643987458,8462089,8456073,24,6722637,1739319,207621052,835712,44138381312,44158058176,0.795510875,0.706996333,1.801431875,2.081704542,0.418823583,1.117678917,0.105420875,5.419638917,5.525059792,795.510875,706.996333,0.004833,1801.431875,2081.704542,418.823583,0.02475,3.26475,1117.678917,0.004584,6925.469625,0.024583,102.097375,0.001,owner_state/results/collect-20260915T094023087152Z/228-measured-75-cse_dce-rlp.log,56a6b7364709fb8fd8e8c6e8a945280e65161afbadfaffa556c916dacfbdac84
cse_dce/ssz,cse_dce,ssz,measured,76,1,229,7.079626,299.002,1040.303,8.723575959,8482697,8476896,24,6592617,1889947,207621052,836384,44084330496,44104040152,0.796627625,0.702564417,1.845280417,2.085363458,0.425195875,1.119819042,0.104775166,5.475658792,5.580433958,796.627625,702.564417,0.005833,1845.280417,2085.363458,425.195875,0.019083,2.259791,1119.819042,0.004041,6977.159833,0.020251,102.466167,0.001,owner_state/results/collect-20260915T094023087152Z/229-measured-76-cse_dce-ssz.log,5fb0f69a658d61653fd7153e927119f1ce35c06890ef0ba4ffd29c06b79b30d7
cse_dce/direct,cse_dce,direct,measured,76,2,230,6.364231,150.149,522.456,7.238072459,7498510,7492965,23,5954835,1543542,182455228,834752,41412902912,41431185144,0.441764625,0.583521583,1.769836334,1.936940084,0.430400208,1.090569167,0.111198999,5.227745793,5.338944792,441.764625,583.521583,0.004792,1769.836334,1936.940084,430.400208,0.018875,2.471209,1090.569167,0.004875,6255.554708,0.022956,108.676292,0.001,owner_state/results/collect-20260915T094023087152Z/230-measured-76-cse_dce-direct.log,04268dd6cfba1a46dd2ce0ca3272428052717abdf101c1b7a3749a58bf6ed145
cse_dce/rlp,cse_dce,rlp,measured,76,3,231,7.077765,298.541,1032.446,8.709625959,8462089,8456073,24,6722637,1739319,207621052,835712,44141772800,44161351216,0.792317875,0.706649916,1.785673083,2.104479583,0.432302,1.150617959,0.105724584,5.473072625,5.578797209,792.317875,706.649916,0.004208,1785.673083,2104.479583,432.302,0.023709,2.377875,1150.617959,0.003958,6974.473625,0.023459,103.291375,0.001,owner_state/results/collect-20260915T094023087152Z/231-measured-76-cse_dce-rlp.log,957305822163de8232c0b6544ecbdf08f99dc3d885640e594c5eddb7d856b2ed
cse_dce/ssz,cse_dce,ssz,measured,77,1,232,7.072725,301.578,1029.457,8.708813208,8482697,8476896,24,6592617,1889947,207621052,836384,43971805184,43991482024,0.794304125,0.705518583,1.791649166,2.110751792,0.435436709,1.130054292,0.105010333,5.467891959,5.572902292,794.304125,705.518583,0.004375,1791.649166,2110.751792,435.436709,0.019375,2.288,1130.054292,0.006333,6970.055042,0.022292,102.669958,0.001,owner_state/results/collect-20260915T094023087152Z/232-measured-77-cse_dce-ssz.log,1e14e8a6a9345cd0f73876bd6b69f42c7dffb26dda9cb2b62aec1c12bb7a84c6
cse_dce/rlp,cse_dce,rlp,measured,77,2,233,7.058991,298.3,1033.693,8.6890035,8462089,8456073,24,6722637,1739319,207621052,835712,44137185280,44156878552,0.799795667,0.702533583,1.81829325,2.078322458,0.440640875,1.11535775,0.104047417,5.452614333,5.55666175,799.795667,702.533583,0.005083,1818.29325,2078.322458,440.640875,0.023084,2.276459,1115.35775,0.005291,6957.28025,0.02675,101.71075,0.001,owner_state/results/collect-20260915T094023087152Z/233-measured-77-cse_dce-rlp.log,8466c73ac8298e2951661e65af75db66a8cf5970c105bc5e3a03de554ea01972
cse_dce/direct,cse_dce,direct,measured,77,3,234,6.414391,150.696,519.261,7.28402925,7498510,7492965,23,5954835,1543542,182455228,834752,41415835648,41434150696,0.433043167,0.579655875,1.795526709,1.972574292,0.419443833,1.102698875,0.111448249,5.290243709,5.401691958,433.043167,579.655875,0.00475,1795.526709,1972.574292,419.443833,0.024583,2.255291,1102.698875,0.005208,6305.259958,0.027375,109.131042,0.001,owner_state/results/collect-20260915T094023087152Z/234-measured-77-cse_dce-direct.log,a08ab710b0af1e5959b0a05cd9d8d6d43732deadb6fc4043860d2952bc88de7a
cse_dce/rlp,cse_dce,rlp,measured,78,1,235,7.016809,299.875,1030.806,8.647731958,8462089,8456073,24,6722637,1739319,207621052,835712,44142624768,44162186776,0.795597709,0.7036885,1.806602208,2.067798458,0.421531125,1.1168625,0.1047285,5.412794291,5.517522791,795.597709,703.6885,0.004333,1806.602208,2067.798458,421.531125,0.0195,2.292459,1116.8625,0.005167,6914.426916,0.024957,102.382084,0.001,owner_state/results/collect-20260915T094023087152Z/235-measured-78-cse_dce-rlp.log,cb954303e78d4ae12bd22697778e895b1b7af51a4db36bac0cc03244307f110a
cse_dce/direct,cse_dce,direct,measured,78,2,236,6.435619,151.763,521.845,7.311688167,7498510,7492965,23,5954835,1543542,182455228,834752,41429270528,41447618392,0.435308709,0.586802334,1.799573375,1.957843666,0.436018334,1.108354292,0.11171829,5.301789667,5.413507957,435.308709,586.802334,0.004375,1799.573375,1957.843666,436.018334,0.025708,2.109,1108.354292,0.005,6326.0625,0.017707,109.5565,0.001,owner_state/results/collect-20260915T094023087152Z/236-measured-78-cse_dce-direct.log,e9fa1c33feb85650c015b6dcc363bdc9b515d362829af32e03064b7f20cb48a4
cse_dce/ssz,cse_dce,ssz,measured,78,3,237,7.14403,304.891,1029.349,8.781625333,8482697,8476896,24,6592617,1889947,207621052,836384,44082249728,44101992200,0.807064125,0.700399792,1.867897666,2.085021334,0.447274834,1.130980834,0.105391415,5.531174668,5.636566083,807.064125,700.399792,0.00475,1867.897666,2085.021334,447.274834,0.026292,2.129417,1130.980834,0.004792,7040.825333,0.021497,103.204667,0.001,owner_state/results/collect-20260915T094023087152Z/237-measured-78-cse_dce-ssz.log,6886b3546d13b4211620c9e06c52c727147b2f38e68af899d31db733fc7f8f75
cse_dce/rlp,cse_dce,rlp,measured,79,1,238,7.017068,303.487,1028.545,8.64662575,8462089,8456073,24,6722637,1739319,207621052,835712,44145442816,44165152496,0.788959042,0.706935,1.785625583,2.094789166,0.435334292,1.1045115,0.100913417,5.420260541,5.521173958,788.959042,706.935,0.003959,1785.625583,2094.789166,435.334292,0.016375,2.280458,1104.5115,0.004125,6918.485292,0.025792,98.582708,0.001,owner_state/results/collect-20260915T094023087152Z/238-measured-79-cse_dce-rlp.log,f7ce71f17976f70800a0296fd74d4ec1a033b751ff9ffec4d2cd11d59b55c034
cse_dce/ssz,cse_dce,ssz,measured,79,2,239,7.054489,300.793,1025.367,8.688513167,8482697,8476896,24,6592617,1889947,207621052,836384,44082282496,44102008560,0.792593291,0.7058975,1.808968625,2.086848542,0.423377416,1.1338455,0.102958126,5.453040083,5.555998209,792.593291,705.8975,0.005333,1808.968625,2086.848542,423.377416,0.021792,2.222666,1133.8455,0.007083,6953.812625,0.024877,100.676375,0.001,owner_state/results/collect-20260915T094023087152Z/239-measured-79-cse_dce-ssz.log,440b38b67e4e71dadc9e4ff469e98189ddde559f1e5d882b60940eb2d6348b28
cse_dce/direct,cse_dce,direct,measured,79,3,240,6.42244,152.434,520.645,7.297886084,7498510,7492965,23,5954835,1543542,182455228,834752,41413787648,41432086288,0.432351,0.576109542,1.822082083,1.934381083,0.428693416,1.115999209,0.112823667,5.301155791,5.413979458,432.351,576.109542,0.003917,1822.082083,1934.381083,428.693416,0.0205,2.408084,1115.999209,0.004625,6312.073,0.019541,110.367,0.001,owner_state/results/collect-20260915T094023087152Z/240-measured-79-cse_dce-direct.log,729fe582578257547a8526724d54f2a9990ff3b9437d2edb023091ef4b01ff01
cse_dce/rlp,cse_dce,rlp,measured,80,1,241,7.075715,298.41,1027.014,8.696343916,8462089,8456073,24,6722637,1739319,207621052,835712,44142215168,44161777176,0.792165542,0.707872792,1.844105666,2.080530209,0.427930542,1.1188285,0.104281749,5.471394917,5.575676666,792.165542,707.872792,0.004625,1844.105666,2080.530209,427.930542,0.0175,2.240042,1118.8285,0.006583,6973.726333,0.024332,101.988667,0.001,owner_state/results/collect-20260915T094023087152Z/241-measured-80-cse_dce-rlp.log,ef4545d38d237fe100bd7d66b602da8df6ce7f8b8d8542d50b12956f62bf9f61
cse_dce/direct,cse_dce,direct,measured,80,2,242,6.409698,152.786,525.348,7.288204708,7498510,7492965,23,5954835,1543542,182455228,834752,41411198976,41429497616,0.431547458,0.577225625,1.793412333,1.940135375,0.43989375,1.114771625,0.112711834,5.288213083,5.400924917,431.547458,577.225625,0.004625,1793.412333,1940.135375,439.89375,0.019667,2.100167,1114.771625,0.00525,6299.13775,0.021875,110.56025,0.001,owner_state/results/collect-20260915T094023087152Z/242-measured-80-cse_dce-direct.log,2e3f700df901cd1e863d5ddbdafa811f722f7a50b76006cc309fcd44ab873399
cse_dce/ssz,cse_dce,ssz,measured,80,3,243,7.027386,301.386,1021.508,8.653353375,8482697,8476896,24,6592617,1889947,207621052,836384,44296896512,44316721024,0.776718458,0.690749042,1.819599584,2.077951792,0.426621375,1.132375959,0.10336979,5.45654871,5.5599185,776.718458,690.749042,0.0045,1819.599584,2077.951792,426.621375,0.021583,2.380792,1132.375959,0.005625,6926.454792,0.026082,100.931208,0.001,owner_state/results/collect-20260915T094023087152Z/243-measured-80-cse_dce-ssz.log,8782f1117ff2af035778552b22050431e81fd6b1981ddad9109993ffb8b03039
